#
# There is insufficient memory for the Java Runtime Environment to continue.
# Native memory allocation (mmap) failed to map 1048576 bytes. Error detail: G1 virtual space
# Possible reasons:
#   The system is out of physical RAM or swap space
#   This process is running with CompressedOops enabled, and the Java Heap may be blocking the growth of the native heap
# Possible solutions:
#   Reduce memory load on the system
#   Increase physical memory or swap space
#   Check if swap backing store is full
#   Decrease Java heap size (-Xmx/-Xms)
#   Decrease number of Java threads
#   Decrease Java thread stack sizes (-Xss)
#   Set larger code cache with -XX:ReservedCodeCacheSize=
#   JVM is running with Unscaled Compressed Oops mode in which the Java heap is
#     placed in the first 4GB address space. The Java Heap base address is the
#     maximum limit for the native heap growth. Please use -XX:HeapBaseMinAddress
#     to set the Java Heap base and to place the Java Heap above 4GB virtual address.
# This output file may be truncated or incomplete.
#
#  Out of Memory Error (os_windows.cpp:3732), pid=18160, tid=7472
#
# JRE version: OpenJDK Runtime Environment Temurin-21.0.12+8 (21.0.12+8) (build 21.0.12+8-LTS)
# Java VM: OpenJDK 64-Bit Server VM Temurin-21.0.12+8 (21.0.12+8-LTS, mixed mode, sharing, tiered, compressed oops, compressed class ptrs, g1 gc, windows-amd64)
# No core dump will be written. Minidumps are not enabled by default on client versions of Windows
#

---------------  S U M M A R Y ------------

Command Line: -Xmx1g -XX:+IgnoreUnrecognizedVMOptions --add-modules=jdk.incubator.vector --add-opens=java.base/java.lang=ALL-UNNAMED --add-opens=java.base/java.lang.invoke=ALL-UNNAMED --add-opens=java.base/java.lang.reflect=ALL-UNNAMED --add-opens=java.base/java.io=ALL-UNNAMED --add-opens=java.base/java.net=ALL-UNNAMED --add-opens=java.base/java.nio=ALL-UNNAMED --add-opens=java.base/java.util=ALL-UNNAMED --add-opens=java.base/java.util.concurrent=ALL-UNNAMED --add-opens=java.base/java.util.concurrent.atomic=ALL-UNNAMED --add-opens=java.base/jdk.internal.ref=ALL-UNNAMED --add-opens=java.base/sun.nio.ch=ALL-UNNAMED --add-opens=java.base/sun.nio.cs=ALL-UNNAMED --add-opens=java.base/sun.security.action=ALL-UNNAMED --add-opens=java.base/sun.util.calendar=ALL-UNNAMED --add-opens=java.security.jgss/sun.security.krb5=ALL-UNNAMED -Dio.netty.tryReflectionSetAccessible=true -Dio.netty.allocator.type=pooled -Dio.netty.handler.ssl.defaultEndpointVerificationAlgorithm=NONE --sun-misc-unsafe-memory-access=allow --enable-native-access=ALL-UNNAMED -Dderby.connection.requireAuthentication=false org.apache.spark.deploy.SparkSubmit --conf spark.sql.execution.arrow.pyspark.enabled=true --conf spark.master=local[2] --conf spark.jars.ivy=D:\Real-Time-Financial-Fraud-Detection-Pipeline-\.spark-ivy --conf spark.jars.packages=org.apache.spark:spark-sql-kafka-0-10_2.13:4.2.0 --conf spark.app.name=fraud-detection --conf spark.sql.shuffle.partitions=2 pyspark-shell

Host: AMD Ryzen 5 8645HS w/ Radeon 760M Graphics, 12 cores, 15G,  Windows 11 , 64 bit Build 26100 (10.0.26100.9444)
Time: Sun Oct  4 23:38:52 2026 India Standard Time elapsed time: 52.115979 seconds (0d 0h 0m 52s)

---------------  T H R E A D  ---------------

Current thread (0x0000019b60bbfc30):  JavaThread "Thread-3"         [_thread_in_vm, id=7472, stack(0x0000008caea00000,0x0000008caeb00000) (1024K)]

Stack: [0x0000008caea00000,0x0000008caeb00000]
Native frames: (J=compiled Java code, j=interpreted, Vv=VM code, C=native code)
V  [jvm.dll+0x6d83e9]
V  [jvm.dll+0x8b5736]
V  [jvm.dll+0x8b7cee]
V  [jvm.dll+0x8b83d3]
V  [jvm.dll+0x284596]
V  [jvm.dll+0x6d4d05]
V  [jvm.dll+0x6c898a]
V  [jvm.dll+0x35f2f8]
V  [jvm.dll+0x366f36]
V  [jvm.dll+0x3b7d4f]
V  [jvm.dll+0x3b83e4]
V  [jvm.dll+0x3b7f5b]
V  [jvm.dll+0x33363e]
V  [jvm.dll+0x33176f]
V  [jvm.dll+0x667ac0]
V  [jvm.dll+0x2438e2]
V  [jvm.dll+0x87c197]
V  [jvm.dll+0x3df7da]
C  0x0000019b0fbaac34

The last pc belongs to newarray (printed below).
Java frames: (J=compiled Java code, j=interpreted, Vv=VM code)
j  java.nio.HeapByteBuffer.<init>(IILjava/lang/foreign/MemorySegment;)V+6 java.base@21.0.12
j  java.nio.ByteBuffer.allocate(I)Ljava/nio/ByteBuffer;+16 java.base@21.0.12
j  org.apache.spark.broadcast.TorrentBroadcast$.$anonfun$blockifyObject$1(I)Ljava/nio/ByteBuffer;+1
j  org.apache.spark.broadcast.TorrentBroadcast$.$anonfun$blockifyObject$1$adapted(Ljava/lang/Object;)Ljava/nio/ByteBuffer;+4
J 8255 c2 net.jpountz.lz4.LZ4BlockOutputStream.flushBufferedData()V (218 bytes) @ 0x0000019b103b37fc [0x0000019b103b2ea0+0x000000000000095c]
J 8247 c2 java.io.ObjectOutputStream$BlockDataOutputStream.write([BIIZ)V java.base@21.0.12 (152 bytes) @ 0x0000019b101bb54c [0x0000019b101bab40+0x0000000000000a0c]
J 8250 c2 java.io.ObjectOutputStream.write([BII)V java.base@21.0.12 (32 bytes) @ 0x0000019b103149ac [0x0000019b10314940+0x000000000000006c]
j  org.apache.spark.util.SparkStreamUtils.$anonfun$copyStream$1(Lorg/apache/spark/util/SparkStreamUtils;Ljava/io/InputStream;Ljava/io/OutputStream;Z)J+185
j  org.apache.spark.util.SparkStreamUtils$$Lambda+0x0000019b1b5f5848.apply$mcJ$sp()J+16
j  scala.runtime.java8.JFunction0$mcJ$sp.apply()Ljava/lang/Object;+1
j  org.apache.spark.util.SparkErrorUtils.tryWithSafeFinally(Lscala/Function0;Lscala/Function0;)Ljava/lang/Object;+4
j  org.apache.spark.util.SparkErrorUtils.tryWithSafeFinally$(Lorg/apache/spark/util/SparkErrorUtils;Lscala/Function0;Lscala/Function0;)Ljava/lang/Object;+3
j  org.apache.spark.util.SparkErrorUtils$.tryWithSafeFinally(Lscala/Function0;Lscala/Function0;)Ljava/lang/Object;+3
j  org.apache.spark.util.SparkStreamUtils.copyStream(Ljava/io/InputStream;Ljava/io/OutputStream;ZZ)J+21
j  org.apache.spark.util.SparkStreamUtils.copyStream$(Lorg/apache/spark/util/SparkStreamUtils;Ljava/io/InputStream;Ljava/io/OutputStream;ZZ)J+6
j  org.apache.spark.util.Utils$.copyStream(Ljava/io/InputStream;Ljava/io/OutputStream;ZZ)J+6
j  org.apache.spark.api.python.PythonBroadcast.$anonfun$writeObject$1(Lorg/apache/spark/api/python/PythonBroadcast;Ljava/io/ObjectOutputStream;)J+44
j  org.apache.spark.api.python.PythonBroadcast$$Lambda+0x0000019b1bab17f8.apply$mcJ$sp()J+8
j  scala.runtime.java8.JFunction0$mcJ$sp.apply()Ljava/lang/Object;+1
j  org.apache.spark.util.SparkErrorUtils.tryOrIOException(Lscala/Function0;)Ljava/lang/Object;+1
j  org.apache.spark.util.SparkErrorUtils.tryOrIOException$(Lorg/apache/spark/util/SparkErrorUtils;Lscala/Function0;)Ljava/lang/Object;+2
j  org.apache.spark.util.Utils$.tryOrIOException(Lscala/Function0;)Ljava/lang/Object;+2
j  org.apache.spark.api.python.PythonBroadcast.writeObject(Ljava/io/ObjectOutputStream;)V+10
j  java.lang.invoke.LambdaForm$DMH+0x0000019b1b375000.invokeSpecial(Ljava/lang/Object;Ljava/lang/Object;Ljava/lang/Object;)V+11 java.base@21.0.12
j  java.lang.invoke.LambdaForm$MH+0x0000019b1b29e000.invoke(Ljava/lang/Object;Ljava/lang/Object;Ljava/lang/Object;)Ljava/lang/Object;+52 java.base@21.0.12
J 5197 c1 jdk.internal.reflect.DirectMethodHandleAccessor.invoke(Ljava/lang/Object;[Ljava/lang/Object;)Ljava/lang/Object; java.base@21.0.12 (92 bytes) @ 0x0000019b09051bdc [0x0000019b09050860+0x000000000000137c]
J 4715 c1 java.lang.reflect.Method.invoke(Ljava/lang/Object;[Ljava/lang/Object;)Ljava/lang/Object; java.base@21.0.12 (108 bytes) @ 0x0000019b08f8a2d4 [0x0000019b08f89dc0+0x0000000000000514]
j  java.io.ObjectStreamClass.invokeWriteObject(Ljava/lang/Object;Ljava/io/ObjectOutputStream;)V+24 java.base@21.0.12
j  java.io.ObjectOutputStream.writeSerialData(Ljava/lang/Object;Ljava/io/ObjectStreamClass;)V+119 java.base@21.0.12
j  java.io.ObjectOutputStream.writeOrdinaryObject(Ljava/lang/Object;Ljava/io/ObjectStreamClass;Z)V+158 java.base@21.0.12
j  java.io.ObjectOutputStream.writeObject0(Ljava/lang/Object;Z)V+506 java.base@21.0.12
j  java.io.ObjectOutputStream.writeObject(Ljava/lang/Object;)V+16 java.base@21.0.12
j  org.apache.spark.serializer.JavaSerializationStream.writeObject(Ljava/lang/Object;Lscala/reflect/ClassTag;)Lorg/apache/spark/serializer/SerializationStream;+5
j  org.apache.spark.broadcast.TorrentBroadcast$.$anonfun$blockifyObject$4(Lorg/apache/spark/serializer/SerializationStream;Ljava/lang/Object;Lscala/reflect/ClassTag;)Lorg/apache/spark/serializer/SerializationStream;+3
j  org.apache.spark.broadcast.TorrentBroadcast$$$Lambda+0x0000019b1bab1258.apply()Ljava/lang/Object;+12
j  org.apache.spark.util.SparkErrorUtils.tryWithSafeFinally(Lscala/Function0;Lscala/Function0;)Ljava/lang/Object;+4
j  org.apache.spark.util.SparkErrorUtils.tryWithSafeFinally$(Lorg/apache/spark/util/SparkErrorUtils;Lscala/Function0;Lscala/Function0;)Ljava/lang/Object;+3
j  org.apache.spark.util.Utils$.tryWithSafeFinally(Lscala/Function0;Lscala/Function0;)Ljava/lang/Object;+3
j  org.apache.spark.broadcast.TorrentBroadcast$.blockifyObject(Ljava/lang/Object;ILorg/apache/spark/serializer/Serializer;Lscala/Option;Lscala/reflect/ClassTag;)[Ljava/nio/ByteBuffer;+77
j  org.apache.spark.broadcast.TorrentBroadcast.writeBlocks(Ljava/lang/Object;)I+106
j  org.apache.spark.broadcast.TorrentBroadcast.<init>(Ljava/lang/Object;JZLscala/reflect/ClassTag;)V+61
j  org.apache.spark.broadcast.TorrentBroadcastFactory.newBroadcast(Ljava/lang/Object;ZJZLscala/reflect/ClassTag;)Lorg/apache/spark/broadcast/Broadcast;+10
j  org.apache.spark.broadcast.BroadcastManager.newBroadcast(Ljava/lang/Object;ZZLscala/reflect/ClassTag;)Lorg/apache/spark/broadcast/Broadcast;+62
j  org.apache.spark.SparkContext.broadcastInternal(Ljava/lang/Object;ZLscala/reflect/ClassTag;)Lorg/apache/spark/broadcast/Broadcast;+55
j  org.apache.spark.SparkContext.broadcast(Ljava/lang/Object;Lscala/reflect/ClassTag;)Lorg/apache/spark/broadcast/Broadcast;+4
j  org.apache.spark.api.java.JavaSparkContext.broadcast(Ljava/lang/Object;)Lorg/apache/spark/broadcast/Broadcast;+11
j  java.lang.invoke.LambdaForm$DMH+0x0000019b1b3c9000.invokeVirtual(Ljava/lang/Object;Ljava/lang/Object;Ljava/lang/Object;)Ljava/lang/Object;+11 java.base@21.0.12
j  java.lang.invoke.LambdaForm$MH+0x0000019b1b3c9400.invoke(Ljava/lang/Object;Ljava/lang/Object;Ljava/lang/Object;)Ljava/lang/Object;+34 java.base@21.0.12
J 5197 c1 jdk.internal.reflect.DirectMethodHandleAccessor.invoke(Ljava/lang/Object;[Ljava/lang/Object;)Ljava/lang/Object; java.base@21.0.12 (92 bytes) @ 0x0000019b09051bdc [0x0000019b09050860+0x000000000000137c]
J 4715 c1 java.lang.reflect.Method.invoke(Ljava/lang/Object;[Ljava/lang/Object;)Ljava/lang/Object; java.base@21.0.12 (108 bytes) @ 0x0000019b08f8a2d4 [0x0000019b08f89dc0+0x0000000000000514]
j  py4j.reflection.MethodInvoker.invoke(Ljava/lang/Object;[Ljava/lang/Object;)Ljava/lang/Object;+91
j  py4j.reflection.ReflectionEngine.invoke(Ljava/lang/Object;Lpy4j/reflection/MethodInvoker;[Ljava/lang/Object;)Ljava/lang/Object;+6
j  py4j.Gateway.invoke(Ljava/lang/String;Ljava/lang/String;Ljava/util/List;)Lpy4j/ReturnObject;+151
j  py4j.commands.AbstractCommand.invokeMethod(Ljava/lang/String;Ljava/lang/String;Ljava/util/List;)Lpy4j/ReturnObject;+10
j  py4j.commands.CallCommand.execute(Ljava/lang/String;Ljava/io/BufferedReader;Ljava/io/BufferedWriter;)V+26
j  py4j.ClientServerConnection.waitForCommands()V+126
j  py4j.ClientServerConnection.run()V+11
j  java.lang.Thread.runWith(Ljava/lang/Object;Ljava/lang/Runnable;)V+5 java.base@21.0.12
j  java.lang.Thread.run()V+19 java.base@21.0.12
v  ~StubRoutines::call_stub 0x0000019b0fb910e7
newarray  188 newarray  [0x0000019b0fbaabe0, 0x0000019b0fbaacb8]  216 bytes
[MachCode]
  0x0000019b0fbaabe0: 8b04 2448 | 83c4 0841 | 0fb6 5501 | e805 0000 | 00e9 ab00 | 0000 4c8b | c048 8d44 | 2408 4c89 
  0x0000019b0fbaac00: 6dc0 498b | cfc5 f877 | 4989 afb0 | 0300 0049 | 8987 a003 | 0000 4883 | ec20 40f6 | c40f 0f84 
  0x0000019b0fbaac20: 1900 0000 | 4883 ec08 | 48b8 b0f7 | 61f8 ff7f | 0000 ffd0 | 4883 c408 | e90c 0000 | 0048 b8b0 
  0x0000019b0fbaac40: f761 f8ff | 7f00 00ff | d048 83c4 | 2049 c787 | a003 0000 | 0000 0000 | 49c7 87b0 | 0300 0000 
  0x0000019b0fbaac60: 0000 0049 | c787 a803 | 0000 0000 | 0000 c5f8 | 7749 837f | 0800 0f84 | 0500 0000 | e97f 62fe 
  0x0000019b0fbaac80: ff49 8b87 | f803 0000 | 49c7 87f8 | 0300 0000 | 0000 004c | 8b6d c04c | 8b75 c84e | 8d74 f500 
  0x0000019b0fbaaca0: c341 0fb6 | 5d02 4983 | c502 49ba | 1035 f1f8 | ff7f 0000 | 41ff 24da 
[/MachCode]

Compiled method (c2) 52409 8255       4       net.jpountz.lz4.LZ4BlockOutputStream::flushBufferedData (218 bytes)
 total in heap  [0x0000019b103b2b90,0x0000019b103b59d0] = 11840
 relocation     [0x0000019b103b2cf0,0x0000019b103b2ea0] = 432
 main code      [0x0000019b103b2ea0,0x0000019b103b48c8] = 6696
 stub code      [0x0000019b103b48c8,0x0000019b103b4948] = 128
 oops           [0x0000019b103b4948,0x0000019b103b4958] = 16
 metadata       [0x0000019b103b4958,0x0000019b103b4ae8] = 400
 scopes data    [0x0000019b103b4ae8,0x0000019b103b53e8] = 2304
 scopes pcs     [0x0000019b103b53e8,0x0000019b103b5848] = 1120
 dependencies   [0x0000019b103b5848,0x0000019b103b5880] = 56
 handler table  [0x0000019b103b5880,0x0000019b103b5940] = 192
 nul chk table  [0x0000019b103b5940,0x0000019b103b59d0] = 144

[Constant Pool (empty)]

[MachCode]
[Entry Point]
  # {method} {0x0000019b65e71390} 'flushBufferedData' '()V' in 'net/jpountz/lz4/LZ4BlockOutputStream'
  #           [sp+0x90]  (sp of caller)
  0x0000019b103b2ea0: 448b 5208 | 49bb 0000 | 001a 9b01 | 0000 4d03 | d349 3bc2 

  0x0000019b103b2eb4: ;   {runtime_call ic_miss_stub}
  0x0000019b103b2eb4: 0f85 c6ba | 82ff 6690 | 0f1f 4000 
[Verified Entry Point]
  0x0000019b103b2ec0: 8984 2400 | 80ff ff55 | 4881 ec80 | 0000 0090 | 4181 7f20 | 0900 0000 | 0f85 df19 | 0000 4889 
  0x0000019b103b2ee0: 5424 208b | 6a20 85ed | 0f84 c210 | 0000 8b6a | 2844 8b5d 

  0x0000019b103b2ef4: ;   {metadata('net/jpountz/xxhash/StreamingXXHash32$1')}
  0x0000019b103b2ef4: 0841 81fb | 180d ab01 | 0f85 020c | 0000 4c8b | d545 8b52 | 0c44 8954 | 2430 4585 | d20f 8439 
  0x0000019b103b2f14: 0b00 0049 | 8bea 488d | 5c24 7048 | 8b45 00a8 | 020f 8524 | 0000 0048 | 83c8 0148 | 8903 f048 
  0x0000019b103b2f34: 0fb1 5d00 | 0f84 3700 | 0000 482b | c448 2507 | f0ff ff48 | 8903 e924 | 0000 004c | 8bd0 4833 
  0x0000019b103b2f54: c0f0 4d0f | b17a 3e48 | c703 0300 | 0000 7411 | 4c3b f875 | 1549 ff82 | 8600 0000 | 4833 c075 
  0x0000019b103b2f74: 0949 ff87 | 5005 0000 | 33c0 0f85 | 980b 0000 | 448b 5c24 | 3049 8b53 | 1048 85d2 | 0f84 3210 
  0x0000019b103b2f94: 0000 4889 | 6c24 2841 | 8beb 6690 

  0x0000019b103b2fa0: ;   {static_call}
  0x0000019b103b2fa0: c5f8 77e8 

  0x0000019b103b2fa4: ; ImmutableOopMap {rbp=NarrowOop [32]=Oop [40]=Oop }
                      ;*invokestatic XXH32_free {reexecute=0 rethrow=0 return_oop=0}
                      ; - net.jpountz.xxhash.StreamingXXHash32JNI::reset@8 (line 56)
                      ; - net.jpountz.xxhash.StreamingXXHash32$1::reset@4 (line 111)
                      ; - net.jpountz.lz4.LZ4BlockOutputStream::flushBufferedData@12 (line 207)
  0x0000019b103b2fa4: 3832 f6ff 

  0x0000019b103b2fa8: ;   {other}
  0x0000019b103b2fa8: 0f1f 8400 | 1804 0000 | 8b55 0c90 

  0x0000019b103b2fb4: ;   {static_call}
  0x0000019b103b2fb4: c5f8 77e8 

  0x0000019b103b2fb8: ; ImmutableOopMap {rbp=NarrowOop [32]=Oop [40]=Oop }
                      ;*invokestatic XXH32_init {reexecute=0 rethrow=0 return_oop=0}
                      ; - net.jpountz.xxhash.StreamingXXHash32JNI::reset@16 (line 57)
                      ; - net.jpountz.xxhash.StreamingXXHash32$1::reset@4 (line 111)
                      ; - net.jpountz.lz4.LZ4BlockOutputStream::flushBufferedData@12 (line 207)
  0x0000019b103b2fb8: 2458 f1ff 

  0x0000019b103b2fbc: ;   {other}
  0x0000019b103b2fbc: 0f1f 8400 | 2c04 0001 | 4889 4510 | 4c8b 5c24 | 2848 8d44 | 2470 4883 | 3800 0f84 | 7900 0000 
  0x0000019b103b2fdc: 4d8b 1341 | f6c2 020f | 8462 0000 | 0049 83ba | 8600 0000 | 0074 0949 | ff8a 8600 | 0000 eb4b 
  0x0000019b103b2ffc: 498b 8296 | 0000 0049 | 0b82 8e00 | 0000 750a | 49c7 423e | 0000 0000 | eb3d 4983 | ba9e 0000 
  0x0000019b103b301c: 0000 7422 | 4833 c049 | c742 3e00 | 0000 00f0 | 8304 2400 | 4983 ba9e | 0000 0000 | 750d f04d 
  0x0000019b103b303c: 0fb1 7a3e | 7505 83c8 | 01eb 0ca8 | 00eb 084c | 8b10 f04d | 0fb1 1375 | 0a49 ff8f | 5005 0000 
  0x0000019b103b305c: 4533 d20f | 85d4 0a00 | 004c 8b44 | 2420 458b | 5020 458b | 4828 458b | 582c 418b 

  0x0000019b103b3078: ;   {metadata('net/jpountz/xxhash/StreamingXXHash32$1')}
  0x0000019b103b3078: 4908 81f9 | 180d ab01 | 0f85 db0a | 0000 418b | 490c 85c9 | 0f84 d609 | 0000 488b | e948 8d5c 
  0x0000019b103b3098: 2470 488b | 4500 a802 | 0f85 2400 | 0000 4883 | c801 4889 | 03f0 480f | b15d 000f | 8437 0000 
  0x0000019b103b30b8: 0048 2bc4 | 4825 07f0 | ffff 4889 | 03e9 2400 | 0000 4c8b | c848 33c0 | f04d 0fb1 | 793e 48c7 
  0x0000019b103b30d8: 0303 0000 | 0074 114c | 3bf8 7515 | 49ff 8186 | 0000 0048 | 33c0 7509 | 49ff 8750 | 0500 0033 
  0x0000019b103b30f8: c00f 8589 | 0a00 0048 | 8b51 1048 | 85d2 0f84 | f00e 0000 | 4c89 4424 | 384d 8bc3 | 4533 c941 
  0x0000019b103b3118: 8bfa 6690 

  0x0000019b103b311c: ;   {static_call}
  0x0000019b103b311c: c5f8 77e8 

  0x0000019b103b3120: ; ImmutableOopMap {rbp=Oop [56]=Oop }
                      ;*invokestatic XXH32_update {reexecute=0 rethrow=0 return_oop=0}
                      ; - net.jpountz.xxhash.StreamingXXHash32JNI::update@11 (line 69)
                      ; - net.jpountz.xxhash.StreamingXXHash32$1::update@7 (line 121)
                      ; - net.jpountz.lz4.LZ4BlockOutputStream::flushBufferedData@30 (line 208)
  0x0000019b103b3120: bc4f d9ff 

  0x0000019b103b3124: ;   {other}
  0x0000019b103b3124: 0f1f 8400 | 9405 0002 | 488d 4424 | 7048 8338 | 000f 847b | 0000 004c | 8b55 0041 | f6c2 020f 
  0x0000019b103b3144: 8462 0000 | 0049 83ba | 8600 0000 | 0074 0949 | ff8a 8600 | 0000 eb4b | 498b 8296 | 0000 0049 
  0x0000019b103b3164: 0b82 8e00 | 0000 750a | 49c7 423e | 0000 0000 | eb3e 4983 | ba9e 0000 | 0000 7422 | 4833 c049 
  0x0000019b103b3184: c742 3e00 | 0000 00f0 | 8304 2400 | 4983 ba9e | 0000 0000 | 750d f04d | 0fb1 7a3e | 7505 83c8 
  0x0000019b103b31a4: 01eb 0da8 | 00eb 094c | 8b10 f04c | 0fb1 5500 | 750a 49ff | 8f50 0500 | 0045 33d2 | 0f85 0d0a 
  0x0000019b103b31c4: 0000 4c8b | 5424 3841 | 8b6a 2844 

  0x0000019b103b31d0: ;   {metadata('net/jpountz/xxhash/StreamingXXHash32$1')}
  0x0000019b103b31d0: 8b55 0841 | 81fa 180d | ab01 0f85 | 1b0a 0000 | 4c8b d545 | 8b42 0c45 | 85c0 0f84 | 9808 0000 
  0x0000019b103b31f0: 498b e848 | 8d5c 2470 | 488b 4500 | a802 0f85 | 2400 0000 | 4883 c801 | 4889 03f0 | 480f b15d 
  0x0000019b103b3210: 000f 8437 | 0000 0048 | 2bc4 4825 | 07f0 ffff | 4889 03e9 | 2400 0000 | 4c8b d048 | 33c0 f04d 
  0x0000019b103b3230: 0fb1 7a3e | 48c7 0303 | 0000 0074 | 114c 3bf8 | 7515 49ff | 8286 0000 | 0048 33c0 | 7509 49ff 
  0x0000019b103b3250: 8750 0500 | 0033 c00f | 85b3 0900 | 0049 8b50 | 1048 85d2 | 0f84 d20d | 0000 6690 

  0x0000019b103b326c: ;   {static_call}
  0x0000019b103b326c: c5f8 77e8 

  0x0000019b103b3270: ; ImmutableOopMap {rbp=Oop [56]=Oop }
                      ;*invokestatic XXH32_digest {reexecute=0 rethrow=0 return_oop=0}
                      ; - net.jpountz.xxhash.StreamingXXHash32JNI::getValue@8 (line 63)
                      ; - net.jpountz.xxhash.StreamingXXHash32$1::getValue@4 (line 106)
                      ; - net.jpountz.lz4.LZ4BlockOutputStream::flushBufferedData@39 (line 209)
  0x0000019b103b3270: ec83 e5ff 

  0x0000019b103b3274: ;   {other}
  0x0000019b103b3274: 0f1f 8400 | e406 0003 | 8944 2420 | 488d 4424 | 7048 8338 | 000f 847b | 0000 004c | 8b55 0041 
  0x0000019b103b3294: f6c2 020f | 8462 0000 | 0049 83ba | 8600 0000 | 0074 0949 | ff8a 8600 | 0000 eb4b | 498b 8296 
  0x0000019b103b32b4: 0000 0049 | 0b82 8e00 | 0000 750a | 49c7 423e | 0000 0000 | eb3e 4983 | ba9e 0000 | 0000 7422 
  0x0000019b103b32d4: 4833 c049 | c742 3e00 | 0000 00f0 | 8304 2400 | 4983 ba9e | 0000 0000 | 750d f04d | 0fb1 7a3e 
  0x0000019b103b32f4: 7505 83c8 | 01eb 0da8 | 00eb 094c | 8b10 f04c | 0fb1 5500 | 750a 49ff | 8f50 0500 | 0045 33d2 
  0x0000019b103b3314: 0f85 3109 | 0000 4c8b | 5424 3845 | 8b42 3045 | 8b5a 2445 | 8b52 2c4c | 8b4c 2438 | 418b 7920 
  0x0000019b103b3334: ; implicit exception: dispatches to 0x0000019b103b4514
  0x0000019b103b3334: 458b 4b08 

  0x0000019b103b3338: ; implicit exception: dispatches to 0x0000019b103b4538
  0x0000019b103b3338: 418b 700c | 8b5c 2420 | 81e3 ffff | ff0f 895c | 2424 8d5e 

  0x0000019b103b334c: ;   {metadata('net/jpountz/lz4/LZ4JNICompressor')}
  0x0000019b103b334c: eb41 81f9 | f8d5 aa01 | 0f85 1909 | 0000 85ff | 0f8c 0a0d | 0000 85ff | 0f8e f609 | 0000 458b 
  0x0000019b103b336c: 5a0c 4585 | db0f 8631 | 0d00 008d | 6fff 413b | eb0f 8361 | 0d00 0085 | db0f 8c95 | 0d00 0085 
  0x0000019b103b338c: db0f 8e05 | 0a00 0083 | fe15 0f8e | c00d 0000 | 8d6e ff3b | ee0f 83f1 | 0d00 0049 | 8bf0 498b 
  0x0000019b103b33ac: d245 33c0 | 4533 c933 | c941 ba15 | 0000 0044 | 8914 2489 | 5c24 0890 

  0x0000019b103b33c4: ;   {static_call}
  0x0000019b103b33c4: c5f8 77e8 

  0x0000019b103b33c8: ; ImmutableOopMap {[56]=Oop }
                      ;*invokestatic LZ4_compress_limitedOutput {reexecute=0 rethrow=0 return_oop=0}
                      ; - net.jpountz.lz4.LZ4JNICompressor::compress@26 (line 38)
                      ; - net.jpountz.lz4.LZ4Compressor::compress@14 (line 97)
                      ; - net.jpountz.lz4.LZ4BlockOutputStream::flushBufferedData@66 (line 210)
  0x0000019b103b33c8: 14ed daff 

  0x0000019b103b33cc: ;   {other}
  0x0000019b103b33cc: 0f1f 8400 | 3c08 0004 | 8944 245c | 85c0 0f8e | f40d 0000 | 4c8b 5424 | 3841 8b5a | 2045 8b52 
  0x0000019b103b33ec: 303b c30f | 8dc9 0200 | 0041 b820 | 0000 004c | 8b5c 2438 | 450b 431c | 450f bec8 | 4585 d20f 
  0x0000019b103b340c: 84f3 0800 | 0045 8b6a | 0c41 83fd | 140f 868d | 0800 0045 | 8842 1844 | 8b44 245c | 4588 4219 
  0x0000019b103b342c: 4c8b 5c24 | 3841 8b73 | 1045 8b5b | 208b 4424 | 20c1 e818 | 458b c341 | c1f8 1883 | e00f 418b 
  0x0000019b103b344c: cbc1 e910 | 418b dbc1 | eb08 8b7c | 245c c1ef | 1044 8b4c | 245c 41c1 | f918 8b54 | 2420 c1ea 
  0x0000019b103b346c: 1044 8b74 | 245c 41c1 | ee08 4588 | 721a 4188 | 7a1b 4588 | 4a1c 4588 | 5a1d 4188 | 5a1e 4188 
  0x0000019b103b348c: 4a1f 4588 | 4220 448b | 5c24 2045 | 885a 2144 | 8b74 245c | 4183 c615 | 41c1 eb08 | 4588 5a22 
  0x0000019b103b34ac: 4188 5223 | 4188 4224 

  0x0000019b103b34b4: ; implicit exception: dispatches to 0x0000019b103b4568
  0x0000019b103b34b4: 448b 4608 

  0x0000019b103b34b8: ;   {metadata('org/apache/spark/util/io/ChunkedByteBufferOutputStream')}
  0x0000019b103b34b8: 4181 f838 | 7a48 010f | 8517 0800 | 0048 8bde | 0fb6 6b21 | 85ed 0f85 | fc08 0000 | 4585 f60f 
  0x0000019b103b34d8: 8eb8 0100 | 0049 8bc2 | 4533 dbeb | 1666 6666 | 0f1f 8400 | 0000 0000 | 448b d648 | 8b44 2428 
  0x0000019b103b34f8: 448b df8b | 7b28 448b | 4b0c 8b53 | 1c41 3bd1 | 0f84 3802 | 0000 448b | 4b18 8b4f | 108b 731c 
  0x0000019b103b3518: 8b54 245c | 412b d344 | 8b43 0c44 | 2bc6 83c2 | 1544 3bc2 | 440f 4fc2 | 4585 c90f | 8cbb 0800 
  0x0000019b103b3538: 0041 8d69 | 013b e90f | 8fef 0800 | 008b 6f14 

  0x0000019b103b3548: ; implicit exception: dispatches to 0x0000019b103b4458
  0x0000019b103b3548: 8b7d 0c44 | 3bcf 0f83 | bc04 0000 | 428b 6c8d | 108b 4d08 

  0x0000019b103b355c: ;   {metadata('java/nio/HeapByteBuffer')}
  0x0000019b103b355c: 81f9 1827 | 1c00 0f85 | 9e0e 0000 | 488b f58b | 6e24 85ed | 0f85 fe08 | 0000 418b | ed41 0beb 
  0x0000019b103b357c: 410b e885 | ed0f 8c95 | 0700 0041 | 8bed 412b | eb44 3bc5 | 0f8f 1e09 | 0000 8b4e | 188b 6e1c 
  0x0000019b103b359c: 2be9 443b | c50f 8f51 | 0900 0044 | 8bc9 4403 | 4e28 8b6e | 308b 550c | 4585 db0f | 8ced 0400 
  0x0000019b103b35bc: 0045 85c9 | 0f8c e404 | 0000 438d | 3c03 443b | ef0f 82d7 | 0400 0089 | 4c24 3448 | 8974 2440 
  0x0000019b103b35dc: 4489 5c24 | 3048 8944 | 2428 4889 | 5c24 2041 | 8bf2 478d | 1c08 413b | d30f 82a5 | 0400 0045 
  0x0000019b103b35fc: 85c0 0f8c | f404 0000 | 4585 c074 | 3644 8944 | 2448 8b5c | 2430 498d | 4c1a 104d | 63c0 4c8b 
  0x0000019b103b361c: dd4a 8d54 | 0d10 c5f8 | 7749 ba60 | 26bc 0f9b | 0100 0041 

  0x0000019b103b3630: ;   {other}
  0x0000019b103b3630: ffd2 0f1f | 8400 0000 | 0000 448b | 4424 4845 | 8bc8 4403 | 4c24 3448 | 8b5c 2440 | 8b6b 1c44 
  0x0000019b103b3650: 3bcd 0f8f | d808 0000 | 4585 c90f | 8c0b 0900 | 0044 8b5b | 0c45 3bd9 | 0f8f 7b02 | 0000 4489 
  0x0000019b103b3670: 4b18 4d8b | 9f58 0400 | 0048 8b5c | 2420 448b | 531c 4503 | d044 8953 

  0x0000019b103b3688: ; ImmutableOopMap {rbx=Oop rsi=NarrowOop [40]=Oop [56]=Oop }
                      ;*goto {reexecute=1 rethrow=0 return_oop=0}
                      ; - (reexecute) org.apache.spark.util.io.ChunkedByteBufferOutputStream::write@100 (line 74)
                      ; - net.jpountz.lz4.LZ4BlockOutputStream::flushBufferedData@209 (line 225)
                      ;   {poll}
  0x0000019b103b3688: 1c41 8503 | 413b fe0f | 8c5b feff | ff4c 8b54 | 2438 4589 | 6220 4d63 | d64c 0153 | 10c5 f877 
  0x0000019b103b36a8: 4881 c480 | 0000 005d 

  0x0000019b103b36b0: ;   {poll_return}
  0x0000019b103b36b0: 493b a750 | 0400 000f | 87ea 1100 | 00c3 4c8b | 5c24 3841 | 8b6b 2c44 | 8b4d 0c45 | 8b42 0c44 
  0x0000019b103b36d0: 3bcb 0f82 | a80b 0000 | 448d 5b15 | 453b c30f | 829b 0b00 | 0085 db0f | 8c93 0b00 | 0085 db74 
  0x0000019b103b36f0: 294c 63c3 | 4d8b da49 | 8d52 254c | 8bd5 488d | 4d10 c5f8 | 7749 ba60 | 26bc 0f9b | 0100 0041 
  0x0000019b103b3710: ;   {other}
  0x0000019b103b3710: ffd2 0f1f | 8400 0000 | 0000 4c8b | 5424 3845 | 8b52 304c | 8b5c 2438 | 458b 431c | 4183 c810 
  0x0000019b103b3730: 450f bec8 | 4585 d20f | 84c7 0500 | 0089 5c24 | 5ce9 cbfc | ffff 8b6b | 2441 8d89 | 8000 0000 
  0x0000019b103b3750: 81f9 0001 | 0000 7317 

  0x0000019b103b3758: ;   {oop(a 'java/lang/Integer'[256] {0x00000000c1779100})}
  0x0000019b103b3758: 4d63 c149 | b900 9177 | c100 0000 | 0047 8b84 | 8110 0200 | 00eb 404d | 8b87 b801 | 0000 498b 
  0x0000019b103b3778: c848 83c1 | 1049 3b8f | c801 0000 | 0f83 6e0a | 0000 4989 | 8fb8 0100 | 000f 1881 | 0001 0000 
  0x0000019b103b3798: 49c7 0001 

  0x0000019b103b379c: ;   {metadata('java/lang/Integer')}
  0x0000019b103b379c: 0000 0041 | c740 08d8 | 5f02 0045 | 8960 0c45 | 8948 0c8b 

  0x0000019b103b37b0: ;   {metadata('org/apache/spark/broadcast/TorrentBroadcast$$$Lambda+0x0000019b1baac000')}
  0x0000019b103b37b0: 4d08 81f9 | 00c0 aa01 | 0f85 a20b | 0000 8bef | 4489 5c24 | 4848 8944 | 2428 4889 | 5c24 3044 
  0x0000019b103b37d0: 8974 2444 | 4489 6c24 | 2444 8954 | 2440 4889 | 4424 f88b | 4424 5c89 | 4424 2048 | 8b44 24f8 
  0x0000019b103b37f0: 498b d090 

  0x0000019b103b37f4: ;   {static_call}
  0x0000019b103b37f4: c5f8 77e8 

  0x0000019b103b37f8: ; ImmutableOopMap {rbp=NarrowOop [40]=Oop [48]=Oop [56]=Oop [64]=NarrowOop }
                      ;*invokestatic $anonfun$blockifyObject$1$adapted {reexecute=0 rethrow=0 return_oop=1}
                      ; - org.apache.spark.broadcast.TorrentBroadcast$$$Lambda/0x0000019b1baac000::apply@1
                      ; - org.apache.spark.util.io.ChunkedByteBufferOutputStream::allocateNewChunkIfNeeded@26 (line 87)
                      ; - org.apache.spark.util.io.ChunkedByteBufferOutputStream::write@33 (line 75)
                      ; - net.jpountz.lz4.LZ4BlockOutputStream::flushBufferedData@209 (line 225)
  0x0000019b103b37f8: db10 0000 

  0x0000019b103b37fc: ;   {other}
  0x0000019b103b37fc: 0f1f 8400 | 6c0c 0006 | 4889 4424 | 5044 8bcd 

  0x0000019b103b380c: ; implicit exception: dispatches to 0x0000019b103b45d8
  0x0000019b103b380c: 458b 5914 | 41ff 410c 

  0x0000019b103b3814: ; implicit exception: dispatches to 0x0000019b103b45f0
  0x0000019b103b3814: 418b 4b0c | 458b 5110 | 458d 4201 | 413b ca0f | 8ecc 0000 | 0045 8941 | 1041 8b69 | 1444 8b45 
  0x0000019b103b3834: 0c45 3bd0 | 0f83 f90a | 0000 448b 

  0x0000019b103b3840: ;   {metadata('java/lang/Object'[])}
  0x0000019b103b3840: 4508 4181 | f870 1200 | 000f 8545 | 0b00 004c | 8bdd 4a8d | 5c95 1041 | 807f 4000 | 0f85 2701 
  0x0000019b103b3860: 0000 4c8b | d34c 8b44 | 2450 4d8b | d844 891b | 4d8b d84d | 33da 49c1 | eb14 4d85 | db74 204d 
  0x0000019b103b3880: 85c0 741b | 49c1 ea09 | 49b8 0000 | 417d 9b01 | 0000 4d03 | c241 8038 | 020f 851c | 0100 0048 
  0x0000019b103b38a0: 8b5c 2430 | 4489 631c | 8b7b 2844 | 8b4b 1841 | ffc1 4489 | 4b18 4889 | 4424 f88b | 4424 2089 
  0x0000019b103b38c0: 4424 5c48 | 8b44 24f8 | 448b 5424 | 4044 8b5c | 2424 458b | eb44 8b74 | 2444 488b | 4424 2844 
  0x0000019b103b38e0: 8b5c 2448 | e929 fcff | ffc7 430c | ffff ffff | e979 fdff | ff44 8944 | 245c 4489 | 5424 5844 
  0x0000019b103b3900: 894c 244c | 4d8b c349 

  0x0000019b103b3908: ;   {oop(a 'scala/collection/mutable/ArrayBuffer$'{0x00000000c2271300})}
  0x0000019b103b3908: 8be9 48ba | 0013 27c2 | 0000 0000 | 458b ca8b | 7c24 5c90 

  0x0000019b103b391c: ;   {optimized virtual_call}
  0x0000019b103b391c: c5f8 77e8 

  0x0000019b103b3920: ; ImmutableOopMap {rbp=Oop [40]=Oop [48]=Oop [56]=Oop [64]=NarrowOop [76]=NarrowOop [80]=Oop }
                      ;*invokevirtual scala$collection$mutable$ArrayBuffer$$ensureSize {reexecute=0 rethrow=0 return_oop=1}
                      ; - scala.collection.mutable.ArrayBuffer::ensureSize@13 (line 68)
                      ; - scala.collection.mutable.ArrayBuffer::addOne@30 (line 142)
                      ; - scala.collection.mutable.ArrayBuffer::addOne@2 (line 41)
                      ; - scala.collection.mutable.Growable::$plus$eq@2 (line 36)
                      ; - scala.collection.mutable.Growable::$plus$eq$@2 (line 36)
                      ; - scala.collection.mutable.AbstractBuffer::$plus$eq@2 (line 318)
                      ; - org.apache.spark.util.io.ChunkedByteBufferOutputStream::allocateNewChunkIfNeeded@31 (line 87)
                      ; - org.apache.spark.util.io.ChunkedByteBufferOutputStream::write@33 (line 75)
                      ; - net.jpountz.lz4.LZ4BlockOutputStream::flushBufferedData@209 (line 225)
  0x0000019b103b3920: 5cb5 82ff 

  0x0000019b103b3924: ;   {other}
  0x0000019b103b3924: 0f1f 8400 | 940d 0007 | 488b d841 | 807f 4000 | 0f85 6e09 | 0000 448b | 4c24 4c4c | 8bd5 4c8b 
  0x0000019b103b3944: c34d 8bd8 | 4589 5914 | 4d8b d84d | 33da 49c1 | eb14 4d85 | db74 1f4d | 85c0 741a | 49c1 ea09 
  0x0000019b103b3964: 48b9 0000 | 417d 9b01 | 0000 4903 | ca80 3902 | 0f85 6609 | 0000 448b | 5424 5844 | 8b44 245c 
  0x0000019b103b3984: e9a0 feff | ff44 8b1b | 4585 db0f | 84cd feff | ff4d 8b57 | 2849 8bcb | 4d85 d20f | 841b 0a00 
  0x0000019b103b39a4: 004d 8b5f | 384b 894c | 13f8 4983 | c2f8 4d89 | 5728 e9a7 | feff ff4d | 8b57 484d | 8b5f 58f0 
  0x0000019b103b39c4: 8344 24c0 | 0041 8038 | 000f 84cc | feff ff45 | 8820 4d85 | d275 2349 | 8bc8 498b | d7c5 f877 
  0x0000019b103b39e4: 49ba 00a4 | 56f8 ff7f | 0000 41ff 

  0x0000019b103b39f0: ;   {other}
  0x0000019b103b39f0: d20f 1f84 | 0000 0000 | 00e9 a1fe | ffff 4f89 | 4413 f849 | 83c2 f84d | 8957 48e9 | 8ffe ffff 
  0x0000019b103b3a10: bae4 ffff | ff48 895c | 2420 4489 | 5c24 284c | 8b5c 2438 | 4c89 5c24 | 3044 8954 | 242c 4489 
  0x0000019b103b3a30: 7424 3844 | 8944 243c | 4489 4c24 | 4066 6690 

  0x0000019b103b3a40: ;   {runtime_call UncommonTrapBlob}
  0x0000019b103b3a40: c5f8 77e8 

  0x0000019b103b3a44: ; ImmutableOopMap {rbp=NarrowOop [32]=Oop [44]=NarrowOop [48]=Oop }
                      ;*aaload {reexecute=0 rethrow=0 return_oop=0}
                      ; - scala.collection.mutable.ArrayBuffer::apply@52 (line 107)
                      ; - org.apache.spark.util.io.ChunkedByteBufferOutputStream::write@65 (line 77)
                      ; - net.jpountz.lz4.LZ4BlockOutputStream::flushBufferedData@209 (line 225)
  0x0000019b103b3a44: b840 83ff 

  0x0000019b103b3a48: ;   {other}
  0x0000019b103b3a48: 0f1f 8400 | b80e 0008 | baf6 ffff | ff66 6690 

  0x0000019b103b3a58: ;   {runtime_call UncommonTrapBlob}
  0x0000019b103b3a58: c5f8 77e8 

  0x0000019b103b3a5c: ; ImmutableOopMap {}
                      ;*invokevirtual reset {reexecute=0 rethrow=0 return_oop=0}
                      ; - net.jpountz.xxhash.StreamingXXHash32$1::reset@4 (line 111)
                      ; - net.jpountz.lz4.LZ4BlockOutputStream::flushBufferedData@12 (line 207)
  0x0000019b103b3a5c: a040 83ff 

  0x0000019b103b3a60: ;   {other}
  0x0000019b103b3a60: 0f1f 8400 | d00e 0009 | baf6 ffff | ff41 8beb | 4489 5424 | 2066 6690 

  0x0000019b103b3a78: ;   {runtime_call UncommonTrapBlob}
  0x0000019b103b3a78: c5f8 77e8 

  0x0000019b103b3a7c: ; ImmutableOopMap {rbp=NarrowOop }
                      ;*invokevirtual update {reexecute=0 rethrow=0 return_oop=0}
                      ; - net.jpountz.xxhash.StreamingXXHash32$1::update@7 (line 121)
                      ; - net.jpountz.lz4.LZ4BlockOutputStream::flushBufferedData@30 (line 208)
  0x0000019b103b3a7c: 8040 83ff 

  0x0000019b103b3a80: ;   {other}
  0x0000019b103b3a80: 0f1f 8400 | f00e 000a | baf6 ffff | ff66 6690 

  0x0000019b103b3a90: ;   {runtime_call UncommonTrapBlob}
  0x0000019b103b3a90: c5f8 77e8 

  0x0000019b103b3a94: ; ImmutableOopMap {}
                      ;*invokevirtual getValue {reexecute=0 rethrow=0 return_oop=0}
                      ; - net.jpountz.xxhash.StreamingXXHash32$1::getValue@4 (line 106)
                      ; - net.jpountz.lz4.LZ4BlockOutputStream::flushBufferedData@39 (line 209)
  0x0000019b103b3a94: 6840 83ff 

  0x0000019b103b3a98: ;   {other}
  0x0000019b103b3a98: 0f1f 8400 | 080f 000b | 448b 5c24 | 3048 8b74 | 2440 bacc | ffff ff48 | 895c 2420 | 4489 5c24 
  0x0000019b103b3ab8: 2c4c 8b5c | 2438 4c89 | 5c24 3044 | 8974 243c | 4889 7424 | 4844 8944 | 2444 894c | 2450 4489 
  0x0000019b103b3ad8: 5424 5444 | 894c 2458 | 4489 4424 | 5c66 6690 

  0x0000019b103b3ae8: ;   {runtime_call UncommonTrapBlob}
  0x0000019b103b3ae8: c5f8 77e8 

  0x0000019b103b3aec: ; ImmutableOopMap {rbp=NarrowOop [32]=Oop [48]=Oop [72]=Oop [84]=NarrowOop }
                      ;*invokestatic arraycopy {reexecute=0 rethrow=0 return_oop=0}
                      ; - java.nio.HeapByteBuffer::put@50 (line 239)
                      ; - org.apache.spark.util.io.ChunkedByteBufferOutputStream::write@78 (line 77)
                      ; - net.jpountz.lz4.LZ4BlockOutputStream::flushBufferedData@209 (line 225)
  0x0000019b103b3aec: 1040 83ff 

  0x0000019b103b3af0: ;   {other}
  0x0000019b103b3af0: 0f1f 8400 | 600f 000c | 448b 5c24 | 3048 8b74 | 2440 eba6 | bade ffff | ff66 6690 

  0x0000019b103b3b0c: ;   {runtime_call UncommonTrapBlob}
  0x0000019b103b3b0c: c5f8 77e8 

  0x0000019b103b3b10: ; ImmutableOopMap {rbp=NarrowOop [32]=Oop }
                      ;*invokeinterface reset {reexecute=0 rethrow=0 return_oop=0}
                      ; - net.jpountz.lz4.LZ4BlockOutputStream::flushBufferedData@12 (line 207)
  0x0000019b103b3b10: ec3f 83ff 

  0x0000019b103b3b14: ;   {other}
  0x0000019b103b3b14: 0f1f 8400 | 840f 000d | 488b d54c | 8d44 2470 

  0x0000019b103b3b24: ;   {runtime_call _complete_monitor_locking_Java}
  0x0000019b103b3b24: c5f8 77e8 

  0x0000019b103b3b28: ; ImmutableOopMap {rbp=Oop [32]=Oop [48]=NarrowOop }
                      ;*synchronization entry
                      ; - net.jpountz.xxhash.StreamingXXHash32JNI::reset@-1 (line 55)
                      ; - net.jpountz.xxhash.StreamingXXHash32$1::reset@4 (line 111)
                      ; - net.jpountz.lz4.LZ4BlockOutputStream::flushBufferedData@12 (line 207)
  0x0000019b103b3b28: 5460 90ff 

  0x0000019b103b3b2c: ;   {other}
  0x0000019b103b3b2c: 0f1f 8400 | 9c0f 000e | e94b f4ff | ff49 8bcb | 488d 5424 | 704d 8bc7 | c5f8 7749 | ba40 d997 
  0x0000019b103b3b4c: f8ff 7f00 | 0041 ffd2 

  0x0000019b103b3b54: ;   {other}
  0x0000019b103b3b54: 0f1f 8400 | 0000 0000 | e904 f5ff | ffba deff | ffff 498b | e844 894c | 2420 4489 | 5c24 2444 
  0x0000019b103b3b74: 8954 2428 

  0x0000019b103b3b78: ;   {runtime_call UncommonTrapBlob}
  0x0000019b103b3b78: c5f8 77e8 

  0x0000019b103b3b7c: ; ImmutableOopMap {rbp=Oop [32]=NarrowOop [36]=NarrowOop }
                      ;*invokeinterface update {reexecute=0 rethrow=0 return_oop=0}
                      ; - net.jpountz.lz4.LZ4BlockOutputStream::flushBufferedData@30 (line 208)
  0x0000019b103b3b7c: 803f 83ff 

  0x0000019b103b3b80: ;   {other}
  0x0000019b103b3b80: 0f1f 8400 | f00f 000f | 4889 6c24 | 3089 4c24 | 2844 895c | 2424 4489 | 5424 2049 | 8be8 488b 
  0x0000019b103b3ba0: 5424 304c | 8d44 2470 

  0x0000019b103b3ba8: ;   {runtime_call _complete_monitor_locking_Java}
  0x0000019b103b3ba8: c5f8 77e8 

  0x0000019b103b3bac: ; ImmutableOopMap {rbp=Oop [36]=NarrowOop [40]=NarrowOop [48]=Oop }
                      ;*synchronization entry
                      ; - net.jpountz.xxhash.StreamingXXHash32JNI::update@-1 (line 68)
                      ; - net.jpountz.xxhash.StreamingXXHash32$1::update@7 (line 121)
                      ; - net.jpountz.lz4.LZ4BlockOutputStream::flushBufferedData@30 (line 208)
  0x0000019b103b3bac: d05f 90ff 

  0x0000019b103b3bb0: ;   {other}
  0x0000019b103b3bb0: 0f1f 8400 | 2010 0010 | 4c8b c544 | 8b54 2420 | 448b 5c24 | 248b 4c24 | 2848 8b6c | 2430 e92c 
  0x0000019b103b3bd0: f5ff ff48 | 8bcd 488d | 5424 704d | 8bc7 c5f8 | 7749 ba40 | d997 f8ff | 7f00 0041 

  0x0000019b103b3bec: ;   {other}
  0x0000019b103b3bec: ffd2 0f1f | 8400 0000 | 0000 e9cb | f5ff ffba | deff ffff 

  0x0000019b103b3c00: ;   {runtime_call UncommonTrapBlob}
  0x0000019b103b3c00: c5f8 77e8 

  0x0000019b103b3c04: ; ImmutableOopMap {rbp=NarrowOop [56]=Oop }
                      ;*invokeinterface getValue {reexecute=0 rethrow=0 return_oop=0}
                      ; - net.jpountz.lz4.LZ4BlockOutputStream::flushBufferedData@39 (line 209)
  0x0000019b103b3c04: f83e 83ff 

  0x0000019b103b3c08: ;   {other}
  0x0000019b103b3c08: 0f1f 8400 | 7810 0011 | 4889 6c24 | 2844 8944 | 2420 488b | 6c24 3848 | 8b54 2428 | 4c8d 4424 
  0x0000019b103b3c28: 7066 6690 

  0x0000019b103b3c2c: ;   {runtime_call _complete_monitor_locking_Java}
  0x0000019b103b3c2c: c5f8 77e8 

  0x0000019b103b3c30: ; ImmutableOopMap {rbp=Oop [32]=NarrowOop [40]=Oop [56]=Oop }
                      ;*synchronization entry
                      ; - net.jpountz.xxhash.StreamingXXHash32JNI::getValue@-1 (line 62)
                      ; - net.jpountz.xxhash.StreamingXXHash32$1::getValue@4 (line 106)
                      ; - net.jpountz.lz4.LZ4BlockOutputStream::flushBufferedData@39 (line 209)
  0x0000019b103b3c30: 4c5f 90ff 

  0x0000019b103b3c34: ;   {other}
  0x0000019b103b3c34: 0f1f 8400 | a410 0012 | 448b 4424 | 2048 8b6c | 2428 e912 | f6ff ff48 | 8bcd 488d | 5424 704d 
  0x0000019b103b3c54: 8bc7 c5f8 | 7749 ba40 | d997 f8ff | 7f00 0041 

  0x0000019b103b3c64: ;   {other}
  0x0000019b103b3c64: ffd2 0f1f | 8400 0000 | 0000 e9a7 | f6ff ffba | deff ffff | 488b 6c24 | 388b 4c24 | 2489 4c24 
  0x0000019b103b3c84: 2044 895c | 2424 4489 | 5424 2889 | 7c24 2c44 | 8944 2430 | 895c 2434 

  0x0000019b103b3c9c: ;   {runtime_call UncommonTrapBlob}
  0x0000019b103b3c9c: c5f8 77e8 

  0x0000019b103b3ca0: ; ImmutableOopMap {rbp=Oop [36]=NarrowOop [40]=NarrowOop [48]=NarrowOop }
                      ;*invokevirtual compress {reexecute=0 rethrow=0 return_oop=0}
                      ; - net.jpountz.lz4.LZ4Compressor::compress@14 (line 97)
                      ; - net.jpountz.lz4.LZ4BlockOutputStream::flushBufferedData@66 (line 210)
  0x0000019b103b3ca0: 5c3e 83ff 

  0x0000019b103b3ca4: ;   {other}
  0x0000019b103b3ca4: 0f1f 8400 | 1411 0013 | bae4 ffff | ff48 8b6c | 2438 448b | 5c24 2444 | 895c 2420 | 4489 5424 
  0x0000019b103b3cc4: 2844 894c | 242c 6690 

  0x0000019b103b3ccc: ;   {runtime_call UncommonTrapBlob}
  0x0000019b103b3ccc: c5f8 77e8 

  0x0000019b103b3cd0: ; ImmutableOopMap {rbp=Oop [40]=NarrowOop }
                      ;*bastore {reexecute=0 rethrow=0 return_oop=0}
                      ; - net.jpountz.lz4.LZ4BlockOutputStream::flushBufferedData@125 (line 220)
  0x0000019b103b3cd0: 2c3e 83ff 

  0x0000019b103b3cd4: ;   {other}
  0x0000019b103b3cd4: 0f1f 8400 | 4411 0014 | bade ffff | ff48 8b6c | 2438 8974 | 2420 4489 | 5424 2444 | 8974 2428 
  0x0000019b103b3cf4: ;   {runtime_call UncommonTrapBlob}
  0x0000019b103b3cf4: c5f8 77e8 

  0x0000019b103b3cf8: ; ImmutableOopMap {rbp=Oop [32]=NarrowOop [36]=NarrowOop }
                      ;*invokevirtual write {reexecute=0 rethrow=0 return_oop=0}
                      ; - net.jpountz.lz4.LZ4BlockOutputStream::flushBufferedData@209 (line 225)
  0x0000019b103b3cf8: 043e 83ff 

  0x0000019b103b3cfc: ;   {other}
  0x0000019b103b3cfc: 0f1f 8400 | 6c11 0015 | baf6 ffff | ff41 8be9 

  0x0000019b103b3d0c: ;   {runtime_call UncommonTrapBlob}
  0x0000019b103b3d0c: c5f8 77e8 

  0x0000019b103b3d10: ; ImmutableOopMap {}
                      ;*bastore {reexecute=0 rethrow=0 return_oop=0}
                      ; - net.jpountz.lz4.LZ4BlockOutputStream::flushBufferedData@125 (line 220)
  0x0000019b103b3d10: ec3d 83ff 

  0x0000019b103b3d14: ;   {other}
  0x0000019b103b3d14: 0f1f 8400 | 8411 0016 | ba45 ffff | ff48 895c | 2420 4489 | 5c24 2c44 | 895c 2430 | 4489 7424 
  0x0000019b103b3d34: 4048 8974 | 2448 4489 | 5424 5044 | 8944 2454 | 4489 4424 | 5844 896c | 245c 6690 

  0x0000019b103b3d50: ;   {runtime_call UncommonTrapBlob}
  0x0000019b103b3d50: c5f8 77e8 

  0x0000019b103b3d54: ; ImmutableOopMap {[32]=Oop [56]=Oop [72]=Oop [80]=NarrowOop }
                      ;*iflt {reexecute=1 rethrow=0 return_oop=0}
                      ; - (reexecute) jdk.internal.util.Preconditions::checkFromIndexSize@5 (line 396)
                      ; - java.util.Objects::checkFromIndexSize@4 (line 437)
                      ; - java.nio.HeapByteBuffer::put@8 (line 235)
                      ; - org.apache.spark.util.io.ChunkedByteBufferOutputStream::write@78 (line 77)
                      ; - net.jpountz.lz4.LZ4BlockOutputStream::flushBufferedData@209 (line 225)
  0x0000019b103b3d54: a83d 83ff 

  0x0000019b103b3d58: ;   {other}
  0x0000019b103b3d58: 0f1f 8400 | c811 0017 | ba45 ffff | ff48 8b6c | 2438 448b | 4c24 2444 | 894c 2420 | 4489 5424 
  0x0000019b103b3d78: 2444 8944 | 242c 895c | 2430 897c | 2434 6690 

  0x0000019b103b3d88: ;   {runtime_call UncommonTrapBlob}
  0x0000019b103b3d88: c5f8 77e8 

  0x0000019b103b3d8c: ; ImmutableOopMap {rbp=Oop [36]=NarrowOop [44]=NarrowOop }
                      ;*ifle {reexecute=1 rethrow=0 return_oop=0}
                      ; - (reexecute) net.jpountz.util.SafeUtils::checkRange@5 (line 33)
                      ; - net.jpountz.lz4.LZ4JNICompressor::compress@3 (line 36)
                      ; - net.jpountz.lz4.LZ4Compressor::compress@14 (line 97)
                      ; - net.jpountz.lz4.LZ4BlockOutputStream::flushBufferedData@66 (line 210)
  0x0000019b103b3d8c: 703d 83ff 

  0x0000019b103b3d90: ;   {other}
  0x0000019b103b3d90: 0f1f 8400 | 0012 0018 | ba45 ffff | ff48 8b6c | 2438 448b | 4c24 2444 | 894c 2420 | 4489 5424 
  0x0000019b103b3db0: 2489 7c24 | 2844 8944 | 242c 895c | 2434 6690 

  0x0000019b103b3dc0: ;   {runtime_call UncommonTrapBlob}
  0x0000019b103b3dc0: c5f8 77e8 

  0x0000019b103b3dc4: ; ImmutableOopMap {rbp=Oop [36]=NarrowOop [44]=NarrowOop }
                      ;*ifle {reexecute=1 rethrow=0 return_oop=0}
                      ; - (reexecute) net.jpountz.util.SafeUtils::checkRange@5 (line 33)
                      ; - net.jpountz.lz4.LZ4JNICompressor::compress@12 (line 37)
                      ; - net.jpountz.lz4.LZ4Compressor::compress@14 (line 97)
                      ; - net.jpountz.lz4.LZ4BlockOutputStream::flushBufferedData@66 (line 210)
  0x0000019b103b3dc4: 383d 83ff 

  0x0000019b103b3dc8: ;   {other}
  0x0000019b103b3dc8: 0f1f 8400 | 3812 0019 | ba45 ffff | ff48 895c | 2420 4489 | 5424 3044 | 8974 2434 

  0x0000019b103b3de4: ;   {runtime_call UncommonTrapBlob}
  0x0000019b103b3de4: c5f8 77e8 

  0x0000019b103b3de8: ; ImmutableOopMap {[32]=Oop [48]=NarrowOop [56]=Oop }
                      ;*ifne {reexecute=1 rethrow=0 return_oop=0}
                      ; - (reexecute) org.apache.spark.util.io.ChunkedByteBufferOutputStream::write@7 (line 72)
                      ; - net.jpountz.lz4.LZ4BlockOutputStream::flushBufferedData@209 (line 225)
  0x0000019b103b3de8: 143d 83ff 

  0x0000019b103b3dec: ;   {other}
  0x0000019b103b3dec: 0f1f 8400 | 5c12 001a | ba45 ffff | ff48 8beb | 4489 5c24 | 2089 7c24 | 244c 8b5c | 2438 4c89 
  0x0000019b103b3e0c: 5c24 2844 | 8954 2430 | 4489 7424 | 3444 8944 | 2438 4489 | 4c24 4090 

  0x0000019b103b3e24: ;   {runtime_call UncommonTrapBlob}
  0x0000019b103b3e24: c5f8 77e8 

  0x0000019b103b3e28: ; ImmutableOopMap {rbp=Oop [36]=NarrowOop [40]=Oop [48]=NarrowOop }
                      ;*if_icmpge {reexecute=1 rethrow=0 return_oop=0}
                      ; - (reexecute) scala.collection.mutable.ArrayBuffer::apply@6 (line 101)
                      ; - org.apache.spark.util.io.ChunkedByteBufferOutputStream::write@65 (line 77)
                      ; - net.jpountz.lz4.LZ4BlockOutputStream::flushBufferedData@209 (line 225)
  0x0000019b103b3e28: d43c 83ff 

  0x0000019b103b3e2c: ;   {other}
  0x0000019b103b3e2c: 0f1f 8400 | 9c12 001b | ba45 ffff | ff48 895c | 2420 4489 | 5c24 2889 | 7c24 2c4c | 8b5c 2438 
  0x0000019b103b3e4c: 4c89 5c24 | 3044 8954 | 2438 4489 | 7424 3c44 | 8944 2440 | 894c 2444 

  0x0000019b103b3e64: ;   {runtime_call UncommonTrapBlob}
  0x0000019b103b3e64: c5f8 77e8 

  0x0000019b103b3e68: ; ImmutableOopMap {[32]=Oop [44]=NarrowOop [48]=Oop [56]=NarrowOop }
                      ;*if_icmple {reexecute=1 rethrow=0 return_oop=0}
                      ; - (reexecute) scala.collection.mutable.ArrayBuffer::apply@28 (line 102)
                      ; - org.apache.spark.util.io.ChunkedByteBufferOutputStream::write@65 (line 77)
                      ; - net.jpountz.lz4.LZ4BlockOutputStream::flushBufferedData@209 (line 225)
  0x0000019b103b3e68: 943c 83ff 

  0x0000019b103b3e6c: ;   {other}
  0x0000019b103b3e6c: 0f1f 8400 | dc12 001c | ba45 ffff | ff48 895c | 2420 4489 | 5c24 2c4c | 8b5c 2438 | 4c89 5c24 
  0x0000019b103b3e8c: 3044 8974 | 243c 4489 | 5424 4444 | 8944 2450 | 4889 7424 | 5866 6690 

  0x0000019b103b3ea4: ;   {runtime_call UncommonTrapBlob}
  0x0000019b103b3ea4: c5f8 77e8 

  0x0000019b103b3ea8: ; ImmutableOopMap {rbp=NarrowOop [32]=Oop [48]=Oop [68]=NarrowOop [88]=Oop }
                      ;*ifnull {reexecute=1 rethrow=0 return_oop=0}
                      ; - (reexecute) java.nio.Buffer::session@4 (line 792)
                      ; - java.nio.Buffer::checkSession@1 (line 800)
                      ; - java.nio.HeapByteBuffer::put@1 (line 234)
                      ; - org.apache.spark.util.io.ChunkedByteBufferOutputStream::write@78 (line 77)
                      ; - net.jpountz.lz4.LZ4BlockOutputStream::flushBufferedData@209 (line 225)
  0x0000019b103b3ea8: 543c 83ff 

  0x0000019b103b3eac: ;   {other}
  0x0000019b103b3eac: 0f1f 8400 | 1c13 001d | ba45 ffff | ff48 895c | 2420 4489 | 5c24 2c44 | 895c 2430 | 4489 7424 
  0x0000019b103b3ecc: 4048 8974 | 2448 4489 | 5424 5044 | 8944 2454 | 4489 4424 | 5844 896c | 245c 6690 

  0x0000019b103b3ee8: ;   {runtime_call UncommonTrapBlob}
  0x0000019b103b3ee8: c5f8 77e8 

  0x0000019b103b3eec: ; ImmutableOopMap {[32]=Oop [56]=Oop [72]=Oop [80]=NarrowOop }
                      ;*if_icmple {reexecute=1 rethrow=0 return_oop=0}
                      ; - (reexecute) jdk.internal.util.Preconditions::checkFromIndexSize@12 (line 396)
                      ; - java.util.Objects::checkFromIndexSize@4 (line 437)
                      ; - java.nio.HeapByteBuffer::put@8 (line 235)
                      ; - org.apache.spark.util.io.ChunkedByteBufferOutputStream::write@78 (line 77)
                      ; - net.jpountz.lz4.LZ4BlockOutputStream::flushBufferedData@209 (line 225)
  0x0000019b103b3eec: 103c 83ff 

  0x0000019b103b3ef0: ;   {other}
  0x0000019b103b3ef0: 0f1f 8400 | 6013 001e | ba45 ffff | ff48 895c | 2420 4489 | 5c24 284c | 8b5c 2438 | 4c89 5c24 
  0x0000019b103b3f10: 3044 8954 | 242c 4489 | 7424 3844 | 8944 2440 

  0x0000019b103b3f20: ;   {runtime_call UncommonTrapBlob}
  0x0000019b103b3f20: c5f8 77e8 

  0x0000019b103b3f24: ; ImmutableOopMap {[32]=Oop [44]=NarrowOop [48]=Oop }
                      ;*if_icmple {reexecute=1 rethrow=0 return_oop=0}
                      ; - (reexecute) java.nio.HeapByteBuffer::put@26 (line 237)
                      ; - org.apache.spark.util.io.ChunkedByteBufferOutputStream::write@78 (line 77)
                      ; - net.jpountz.lz4.LZ4BlockOutputStream::flushBufferedData@209 (line 225)
  0x0000019b103b3f24: d83b 83ff 

  0x0000019b103b3f28: ;   {other}
  0x0000019b103b3f28: 0f1f 8400 | 9813 001f | ba45 ffff | ff44 8b5c | 2430 4489 | 5c24 284c | 8b54 2438 | 4c89 5424 
  0x0000019b103b3f48: 3089 7424 | 2c44 8974 | 2438 4489 | 4424 3c44 | 894c 245c 

  0x0000019b103b3f5c: ;   {runtime_call UncommonTrapBlob}
  0x0000019b103b3f5c: c5f8 77e8 

  0x0000019b103b3f60: ; ImmutableOopMap {[32]=Oop [44]=NarrowOop [48]=Oop [64]=Oop }
                      ;*if_icmple {reexecute=1 rethrow=0 return_oop=0}
                      ; - (reexecute) java.nio.Buffer::position@5 (line 326)
                      ; - java.nio.ByteBuffer::position@2 (line 1551)
                      ; - java.nio.HeapByteBuffer::put@58 (line 240)
                      ; - org.apache.spark.util.io.ChunkedByteBufferOutputStream::write@78 (line 77)
                      ; - net.jpountz.lz4.LZ4BlockOutputStream::flushBufferedData@209 (line 225)
  0x0000019b103b3f60: 9c3b 83ff 

  0x0000019b103b3f64: ;   {other}
  0x0000019b103b3f64: 0f1f 8400 | d413 0020 | ba45 ffff | ff48 8b6c | 2420 448b | 5424 3044 | 8954 2420 | 4c8b 5424 
  0x0000019b103b3f84: 384c 8954 | 2428 8974 | 2424 4489 | 7424 3044 | 8944 2434 | 4489 4c24 | 5466 6690 

  0x0000019b103b3fa0: ;   {runtime_call UncommonTrapBlob}
  0x0000019b103b3fa0: c5f8 77e8 

  0x0000019b103b3fa4: ; ImmutableOopMap {rbp=Oop [36]=NarrowOop [40]=Oop [64]=Oop }
                      ;*ifge {reexecute=1 rethrow=0 return_oop=0}
                      ; - (reexecute) java.nio.Buffer::position@14 (line 326)
                      ; - java.nio.ByteBuffer::position@2 (line 1551)
                      ; - java.nio.HeapByteBuffer::put@58 (line 240)
                      ; - org.apache.spark.util.io.ChunkedByteBufferOutputStream::write@78 (line 77)
                      ; - net.jpountz.lz4.LZ4BlockOutputStream::flushBufferedData@209 (line 225)
  0x0000019b103b3fa4: 583b 83ff 

  0x0000019b103b3fa8: ;   {other}
  0x0000019b103b3fa8: 0f1f 8400 | 1814 0021 | ba45 ffff | ff66 6690 

  0x0000019b103b3fb8: ;   {runtime_call UncommonTrapBlob}
  0x0000019b103b3fb8: c5f8 77e8 

  0x0000019b103b3fbc: ; ImmutableOopMap {}
                      ;*ifne {reexecute=1 rethrow=0 return_oop=0}
                      ; - (reexecute) net.jpountz.lz4.LZ4BlockOutputStream::flushBufferedData@4 (line 204)
  0x0000019b103b3fbc: 403b 83ff 

  0x0000019b103b3fc0: ;   {other}
  0x0000019b103b3fc0: 0f1f 8400 | 3014 0022 | 4533 d249 | 3bd2 bdff | ffff ff7c | 0840 0f95 | c540 0fb6 | edba 45ff 
  0x0000019b103b3fe0: ffff 458b | d344 8954 | 242c 6690 

  0x0000019b103b3fec: ;   {runtime_call UncommonTrapBlob}
  0x0000019b103b3fec: c5f8 77e8 

  0x0000019b103b3ff0: ; ImmutableOopMap {[32]=Oop [44]=NarrowOop [48]=NarrowOop }
                      ;*ifne {reexecute=1 rethrow=0 return_oop=0}
                      ; - (reexecute) net.jpountz.xxhash.StreamingXXHash32JNI::checkState@6 (line 48)
                      ; - net.jpountz.xxhash.StreamingXXHash32JNI::reset@1 (line 55)
                      ; - net.jpountz.xxhash.StreamingXXHash32$1::reset@4 (line 111)
                      ; - net.jpountz.lz4.LZ4BlockOutputStream::flushBufferedData@12 (line 207)
  0x0000019b103b3ff0: 0c3b 83ff 

  0x0000019b103b3ff4: ;   {other}
  0x0000019b103b3ff4: 0f1f 8400 | 6414 0023 | 4533 c949 | 3bd1 bdff | ffff ff7c | 0840 0f95 | c540 0fb6 | edba 45ff 
  0x0000019b103b4014: ffff 4c89 | 4424 2044 | 895c 242c | 4489 5424 | 3089 4c24 | 3466 6690 

  0x0000019b103b402c: ;   {runtime_call UncommonTrapBlob}
  0x0000019b103b402c: c5f8 77e8 

  0x0000019b103b4030: ; ImmutableOopMap {[32]=Oop [44]=NarrowOop [52]=NarrowOop }
                      ;*ifne {reexecute=1 rethrow=0 return_oop=0}
                      ; - (reexecute) net.jpountz.xxhash.StreamingXXHash32JNI::checkState@6 (line 48)
                      ; - net.jpountz.xxhash.StreamingXXHash32JNI::update@1 (line 68)
                      ; - net.jpountz.xxhash.StreamingXXHash32$1::update@7 (line 121)
                      ; - net.jpountz.lz4.LZ4BlockOutputStream::flushBufferedData@30 (line 208)
  0x0000019b103b4030: cc3a 83ff 

  0x0000019b103b4034: ;   {other}
  0x0000019b103b4034: 0f1f 8400 | a414 0024 | 4533 d249 | 3bd2 bdff | ffff ff7c | 0840 0f95 | c540 0fb6 | edba 45ff 
  0x0000019b103b4054: ffff 4489 | 4424 2c90 

  0x0000019b103b405c: ;   {runtime_call UncommonTrapBlob}
  0x0000019b103b405c: c5f8 77e8 

  0x0000019b103b4060: ; ImmutableOopMap {[44]=NarrowOop [56]=Oop }
                      ;*ifne {reexecute=1 rethrow=0 return_oop=0}
                      ; - (reexecute) net.jpountz.xxhash.StreamingXXHash32JNI::checkState@6 (line 48)
                      ; - net.jpountz.xxhash.StreamingXXHash32JNI::getValue@1 (line 62)
                      ; - net.jpountz.xxhash.StreamingXXHash32$1::getValue@4 (line 106)
                      ; - net.jpountz.lz4.LZ4BlockOutputStream::flushBufferedData@39 (line 209)
  0x0000019b103b4060: 9c3a 83ff 

  0x0000019b103b4064: ;   {other}
  0x0000019b103b4064: 0f1f 8400 | d414 0025 | ba45 ffff | ff48 8b6c | 2438 448b | 5c24 2444 | 895c 2420 | 4489 4424 
  0x0000019b103b4084: 2c89 5c24 | 3044 8954 | 2434 897c | 2438 897c | 243c 6690 

  0x0000019b103b4098: ;   {runtime_call UncommonTrapBlob}
  0x0000019b103b4098: c5f8 77e8 

  0x0000019b103b409c: ; ImmutableOopMap {rbp=Oop [44]=NarrowOop [52]=NarrowOop }
                      ;*ifge {reexecute=1 rethrow=0 return_oop=0}
                      ; - (reexecute) net.jpountz.util.SafeUtils::checkLength@1 (line 40)
                      ; - net.jpountz.util.SafeUtils::checkRange@1 (line 32)
                      ; - net.jpountz.lz4.LZ4JNICompressor::compress@3 (line 36)
                      ; - net.jpountz.lz4.LZ4Compressor::compress@14 (line 97)
                      ; - net.jpountz.lz4.LZ4BlockOutputStream::flushBufferedData@66 (line 210)
  0x0000019b103b409c: 603a 83ff 

  0x0000019b103b40a0: ;   {other}
  0x0000019b103b40a0: 0f1f 8400 | 1015 0026 | ba45 ffff | ff48 8b6c | 2438 448b | 4c24 2444 | 894c 2420 | 4489 4424 
  0x0000019b103b40c0: 2c89 5c24 | 3044 8954 | 2434 897c | 2438 4489 | 5c24 3c90 

  0x0000019b103b40d4: ;   {runtime_call UncommonTrapBlob}
  0x0000019b103b40d4: c5f8 77e8 

  0x0000019b103b40d8: ; ImmutableOopMap {rbp=Oop [44]=NarrowOop [52]=NarrowOop }
                      ;*if_icmplt {reexecute=1 rethrow=0 return_oop=0}
                      ; - (reexecute) net.jpountz.util.SafeUtils::checkRange@7 (line 26)
                      ; - net.jpountz.util.SafeUtils::checkRange@10 (line 34)
                      ; - net.jpountz.lz4.LZ4JNICompressor::compress@3 (line 36)
                      ; - net.jpountz.lz4.LZ4Compressor::compress@14 (line 97)
                      ; - net.jpountz.lz4.LZ4BlockOutputStream::flushBufferedData@66 (line 210)
  0x0000019b103b40d8: 243a 83ff 

  0x0000019b103b40dc: ;   {other}
  0x0000019b103b40dc: 0f1f 8400 | 4c15 0027 | bae5 ffff | ff4c 8b5c | 2438 4c89 | 5c24 2844 | 8b4c 2424 | 4489 4c24 
  0x0000019b103b40fc: 2089 7c24 | 3044 8944 | 2434 895c | 2438 4489 | 5424 3c90 

  0x0000019b103b4110: ;   {runtime_call UncommonTrapBlob}
  0x0000019b103b4110: c5f8 77e8 

  0x0000019b103b4114: ; ImmutableOopMap {[40]=Oop [52]=NarrowOop [60]=NarrowOop }
                      ;*iflt {reexecute=1 rethrow=0 return_oop=0}
                      ; - (reexecute) net.jpountz.util.SafeUtils::checkRange@1 (line 26)
                      ; - net.jpountz.util.SafeUtils::checkRange@19 (line 35)
                      ; - net.jpountz.lz4.LZ4JNICompressor::compress@3 (line 36)
                      ; - net.jpountz.lz4.LZ4Compressor::compress@14 (line 97)
                      ; - net.jpountz.lz4.LZ4BlockOutputStream::flushBufferedData@66 (line 210)
  0x0000019b103b4114: e839 83ff 

  0x0000019b103b4118: ;   {other}
  0x0000019b103b4118: 0f1f 8400 | 8815 0028 | ba45 ffff | ff48 8b6c | 2438 448b | 5c24 2444 | 895c 2420 | 4489 5424 
  0x0000019b103b4138: 2489 7c24 | 2844 8944 | 2434 895c | 2438 895c | 243c 6690 

  0x0000019b103b414c: ;   {runtime_call UncommonTrapBlob}
  0x0000019b103b414c: c5f8 77e8 

  0x0000019b103b4150: ; ImmutableOopMap {rbp=Oop [36]=NarrowOop [52]=NarrowOop }
                      ;*ifge {reexecute=1 rethrow=0 return_oop=0}
                      ; - (reexecute) net.jpountz.util.SafeUtils::checkLength@1 (line 40)
                      ; - net.jpountz.util.SafeUtils::checkRange@1 (line 32)
                      ; - net.jpountz.lz4.LZ4JNICompressor::compress@12 (line 37)
                      ; - net.jpountz.lz4.LZ4Compressor::compress@14 (line 97)
                      ; - net.jpountz.lz4.LZ4BlockOutputStream::flushBufferedData@66 (line 210)
  0x0000019b103b4150: ac39 83ff 

  0x0000019b103b4154: ;   {other}
  0x0000019b103b4154: 0f1f 8400 | c415 0029 | ba45 ffff | ff48 8b6c | 2438 448b | 5c24 2444 | 895c 2420 | 4489 5424 
  0x0000019b103b4174: 2489 7c24 | 2844 8944 | 2434 895c | 2438 8974 | 243c 6690 

  0x0000019b103b4188: ;   {runtime_call UncommonTrapBlob}
  0x0000019b103b4188: c5f8 77e8 

  0x0000019b103b418c: ; ImmutableOopMap {rbp=Oop [36]=NarrowOop [52]=NarrowOop }
                      ;*if_icmplt {reexecute=1 rethrow=0 return_oop=0}
                      ; - (reexecute) net.jpountz.util.SafeUtils::checkRange@7 (line 26)
                      ; - net.jpountz.util.SafeUtils::checkRange@10 (line 34)
                      ; - net.jpountz.lz4.LZ4JNICompressor::compress@12 (line 37)
                      ; - net.jpountz.lz4.LZ4Compressor::compress@14 (line 97)
                      ; - net.jpountz.lz4.LZ4BlockOutputStream::flushBufferedData@66 (line 210)
  0x0000019b103b418c: 7039 83ff 

  0x0000019b103b4190: ;   {other}
  0x0000019b103b4190: 0f1f 8400 | 0016 002a | bae5 ffff | ff4c 8b5c | 2438 4c89 | 5c24 2844 | 8b5c 2424 | 4489 5c24 
  0x0000019b103b41b0: 2044 8954 | 2424 897c | 2430 895c | 2438 4489 | 4424 3c90 

  0x0000019b103b41c4: ;   {runtime_call UncommonTrapBlob}
  0x0000019b103b41c4: c5f8 77e8 

  0x0000019b103b41c8: ; ImmutableOopMap {[36]=NarrowOop [40]=Oop [60]=NarrowOop }
                      ;*iflt {reexecute=1 rethrow=0 return_oop=0}
                      ; - (reexecute) net.jpountz.util.SafeUtils::checkRange@1 (line 26)
                      ; - net.jpountz.util.SafeUtils::checkRange@19 (line 35)
                      ; - net.jpountz.lz4.LZ4JNICompressor::compress@12 (line 37)
                      ; - net.jpountz.lz4.LZ4Compressor::compress@14 (line 97)
                      ; - net.jpountz.lz4.LZ4BlockOutputStream::flushBufferedData@66 (line 210)
  0x0000019b103b41c8: 3439 83ff 

  0x0000019b103b41cc: ;   {other}
  0x0000019b103b41cc: 0f1f 8400 | 3c16 002b | ba45 ffff | ff48 8b6c | 2438 448b | 5c24 2444 | 895c 2420 

  0x0000019b103b41e8: ;   {runtime_call UncommonTrapBlob}
  0x0000019b103b41e8: c5f8 77e8 

  0x0000019b103b41ec: ; ImmutableOopMap {rbp=Oop }
                      ;*ifgt {reexecute=1 rethrow=0 return_oop=0}
                      ; - (reexecute) net.jpountz.lz4.LZ4JNICompressor::compress@33 (line 39)
                      ; - net.jpountz.lz4.LZ4Compressor::compress@14 (line 97)
                      ; - net.jpountz.lz4.LZ4BlockOutputStream::flushBufferedData@66 (line 210)
  0x0000019b103b41ec: 1039 83ff 

  0x0000019b103b41f0: ;   {other}
  0x0000019b103b41f0: 0f1f 8400 | 6016 002c | 4489 4c24 | 5889 7c24 | 5444 895c | 2450 4889 | 4424 4848 | 895c 2440 
  0x0000019b103b4210: 4489 7424 | 3444 896c | 2430 4489 | 5424 2c4c | 8b54 2438 | 4c89 5424 

  0x0000019b103b4228: ;   {metadata('java/lang/Integer')}
  0x0000019b103b4228: 2048 bad8 | 5f02 1a9b | 0100 0090 

  0x0000019b103b4234: ;   {runtime_call _new_instance_Java}
  0x0000019b103b4234: c5f8 77e8 

  0x0000019b103b4238: ; ImmutableOopMap {rbp=NarrowOop [32]=Oop [44]=NarrowOop [64]=Oop [72]=Oop [84]=NarrowOop }
                      ;*new {reexecute=0 rethrow=0 return_oop=1}
                      ; - java.lang.Integer::valueOf@23 (line 1083)
                      ; - scala.runtime.BoxesRunTime::boxToInteger@1 (line 63)
                      ; - org.apache.spark.util.io.ChunkedByteBufferOutputStream::allocateNewChunkIfNeeded@23 (line 87)
                      ; - org.apache.spark.util.io.ChunkedByteBufferOutputStream::write@33 (line 75)
                      ; - net.jpountz.lz4.LZ4BlockOutputStream::flushBufferedData@209 (line 225)
  0x0000019b103b4238: c40b 90ff 

  0x0000019b103b423c: ;   {other}
  0x0000019b103b423c: 0f1f 8400 | ac16 002d | 4c8b c04c | 8b54 2420 | 4c89 5424 | 3844 8b54 | 242c 448b | 5c24 3045 
  0x0000019b103b425c: 8beb 448b | 7424 3448 | 8b5c 2440 | 488b 4424 | 4844 8b5c | 2450 8b7c | 2454 448b | 4c24 58e9 
  0x0000019b103b427c: 2bf5 ffff | bacc ffff | ff44 8b44 | 2424 4489 | 4424 2044 | 8954 2430 | 895c 2434 

  0x0000019b103b4298: ;   {runtime_call UncommonTrapBlob}
  0x0000019b103b4298: c5f8 77e8 

  0x0000019b103b429c: ; ImmutableOopMap {rbp=NarrowOop [48]=NarrowOop [56]=Oop }
                      ;*invokestatic arraycopy {reexecute=0 rethrow=0 return_oop=0}
                      ; - net.jpountz.lz4.LZ4BlockOutputStream::flushBufferedData@102 (line 215)
  0x0000019b103b429c: 6038 83ff 

  0x0000019b103b42a0: ;   {other}
  0x0000019b103b42a0: 0f1f 8400 | 1017 002e | 448b 4c24 | 4c45 8b59 | 1445 85db | 0f84 85f6 | ffff 4d8b | 5728 498b 
  0x0000019b103b42c0: cb4d 85d2 | 0f84 1601 | 0000 4d8b | 5f38 4b89 | 4c13 f849 | 83c2 f84d | 8957 28e9 | 5ff6 ffff 
  0x0000019b103b42e0: 4d8b 5748 | 4d8b 5f58 | f083 4424 | c000 8039 | 000f 8483 | f6ff ff44 | 8821 4d85 | d275 2641 
  0x0000019b103b4300: 8bd9 498b | d7c5 f877 | 49ba 00a4 | 56f8 ff7f | 0000 41ff 

  0x0000019b103b4314: ;   {other}
  0x0000019b103b4314: d20f 1f84 | 0000 0000 | 0044 8bcb | e955 f6ff | ff4b 894c | 13f8 4983 | c2f8 4d89 | 5748 e943 
  0x0000019b103b4334: f6ff ffba | e4ff ffff | 448b 4424 | 4844 8944 | 2428 4489 | 4c24 2c44 | 8954 2448 

  0x0000019b103b4350: ;   {runtime_call UncommonTrapBlob}
  0x0000019b103b4350: c5f8 77e8 

  0x0000019b103b4354: ; ImmutableOopMap {rbp=NarrowOop [44]=NarrowOop [48]=Oop [56]=Oop [64]=NarrowOop [80]=Oop }
                      ;*aastore {reexecute=1 rethrow=0 return_oop=0}
                      ; - (reexecute) scala.collection.mutable.ArrayBuffer::addOne@46 (line 144)
                      ; - scala.collection.mutable.ArrayBuffer::addOne@2 (line 41)
                      ; - scala.collection.mutable.Growable::$plus$eq@2 (line 36)
                      ; - scala.collection.mutable.Growable::$plus$eq$@2 (line 36)
                      ; - scala.collection.mutable.AbstractBuffer::$plus$eq@2 (line 318)
                      ; - org.apache.spark.util.io.ChunkedByteBufferOutputStream::allocateNewChunkIfNeeded@31 (line 87)
                      ; - org.apache.spark.util.io.ChunkedByteBufferOutputStream::write@33 (line 75)
                      ; - net.jpountz.lz4.LZ4BlockOutputStream::flushBufferedData@209 (line 225)
  0x0000019b103b4354: a837 83ff 

  0x0000019b103b4358: ;   {other}
  0x0000019b103b4358: 0f1f 8400 | c817 002f | bade ffff | ff44 895c | 2428 4889 | 5c24 3089 | 7c24 2c44 | 8954 2440 
  0x0000019b103b4378: 4489 7424 | 444c 8944 | 2448 6690 

  0x0000019b103b4384: ;   {runtime_call UncommonTrapBlob}
  0x0000019b103b4384: c5f8 77e8 

  0x0000019b103b4388: ; ImmutableOopMap {rbp=NarrowOop [44]=NarrowOop [48]=Oop [56]=Oop [64]=NarrowOop [72]=Oop }
                      ;*invokeinterface apply {reexecute=0 rethrow=0 return_oop=0}
                      ; - org.apache.spark.util.io.ChunkedByteBufferOutputStream::allocateNewChunkIfNeeded@26 (line 87)
                      ; - org.apache.spark.util.io.ChunkedByteBufferOutputStream::write@33 (line 75)
                      ; - net.jpountz.lz4.LZ4BlockOutputStream::flushBufferedData@209 (line 225)
  0x0000019b103b4388: 7437 83ff 

  0x0000019b103b438c: ;   {other}
  0x0000019b103b438c: 0f1f 8400 | fc17 0030 | bad6 ffff | ff44 8b5c | 2448 4489 | 5c24 2844 | 894c 242c | 4489 5424 
  0x0000019b103b43ac: 4866 6690 

  0x0000019b103b43b0: ;   {runtime_call UncommonTrapBlob}
  0x0000019b103b43b0: c5f8 77e8 

  0x0000019b103b43b4: ; ImmutableOopMap {rbp=NarrowOop [44]=NarrowOop [48]=Oop [56]=Oop [64]=NarrowOop [80]=Oop }
                      ;*aastore {reexecute=1 rethrow=0 return_oop=0}
                      ; - (reexecute) scala.collection.mutable.ArrayBuffer::addOne@46 (line 144)
                      ; - scala.collection.mutable.ArrayBuffer::addOne@2 (line 41)
                      ; - scala.collection.mutable.Growable::$plus$eq@2 (line 36)
                      ; - scala.collection.mutable.Growable::$plus$eq$@2 (line 36)
                      ; - scala.collection.mutable.AbstractBuffer::$plus$eq@2 (line 318)
                      ; - org.apache.spark.util.io.ChunkedByteBufferOutputStream::allocateNewChunkIfNeeded@31 (line 87)
                      ; - org.apache.spark.util.io.ChunkedByteBufferOutputStream::write@33 (line 75)
                      ; - net.jpountz.lz4.LZ4BlockOutputStream::flushBufferedData@209 (line 225)
  0x0000019b103b43b4: 4837 83ff 

  0x0000019b103b43b8: ;   {other}
  0x0000019b103b43b8: 0f1f 8400 | 2818 0031 | 498b d7c5 | f877 49ba | 20a4 56f8 | ff7f 0000 

  0x0000019b103b43d0: ;   {other}
  0x0000019b103b43d0: 41ff d20f | 1f84 0000 | 0000 00e9 | 82f4 ffff | 418b f149 | 8bd7 c5f8 | 7749 ba20 | a456 f8ff 
  0x0000019b103b43f0: 7f00 0041 

  0x0000019b103b43f4: ;   {other}
  0x0000019b103b43f4: ffd2 0f1f | 8400 0000 | 0000 448b | cee9 39f5 | ffff bade | ffff ff48 | 895c 2420 | 4489 5c24 
  0x0000019b103b4414: 284c 8b5c | 2438 4c89 | 5c24 3044 | 8954 242c | 4489 7424 | 3844 8944 | 243c 6690 

  0x0000019b103b4430: ;   {runtime_call UncommonTrapBlob}
  0x0000019b103b4430: c5f8 77e8 

  0x0000019b103b4434: ; ImmutableOopMap {rbp=NarrowOop [32]=Oop [44]=NarrowOop [48]=Oop }
                      ;*checkcast {reexecute=0 rethrow=0 return_oop=0}
                      ; - org.apache.spark.util.io.ChunkedByteBufferOutputStream::write@68 (line 77)
                      ; - net.jpountz.lz4.LZ4BlockOutputStream::flushBufferedData@209 (line 225)
  0x0000019b103b4434: c836 83ff 

  0x0000019b103b4438: ;   {other}
  0x0000019b103b4438: 0f1f 8400 | a818 0032 | baf6 ffff | ff41 8be9 

  0x0000019b103b4448: ;   {runtime_call UncommonTrapBlob}
  0x0000019b103b4448: c5f8 77e8 

  0x0000019b103b444c: ; ImmutableOopMap {}
                      ;*invokevirtual apply {reexecute=0 rethrow=0 return_oop=0}
                      ; - org.apache.spark.util.io.ChunkedByteBufferOutputStream::write@65 (line 77)
                      ; - net.jpountz.lz4.LZ4BlockOutputStream::flushBufferedData@209 (line 225)
  0x0000019b103b444c: b036 83ff 

  0x0000019b103b4450: ;   {other}
  0x0000019b103b4450: 0f1f 8400 | c018 0033 | baf6 ffff | ff41 8be9 

  0x0000019b103b4460: ;   {runtime_call UncommonTrapBlob}
  0x0000019b103b4460: c5f8 77e8 

  0x0000019b103b4464: ; ImmutableOopMap {}
                      ;*aaload {reexecute=0 rethrow=0 return_oop=0}
                      ; - scala.collection.mutable.ArrayBuffer::apply@52 (line 107)
                      ; - org.apache.spark.util.io.ChunkedByteBufferOutputStream::write@65 (line 77)
                      ; - net.jpountz.lz4.LZ4BlockOutputStream::flushBufferedData@209 (line 225)
  0x0000019b103b4464: 9836 83ff 

  0x0000019b103b4468: ;   {other}
  0x0000019b103b4468: 0f1f 8400 | d818 0034 | baf4 ffff | ff48 8beb | 4489 5c24 | 2044 8954 | 2424 4489 | 7424 3044 
  0x0000019b103b4488: 8944 2434 

  0x0000019b103b448c: ;   {runtime_call UncommonTrapBlob}
  0x0000019b103b448c: c5f8 77e8 

  0x0000019b103b4490: ; ImmutableOopMap {rbp=Oop [36]=NarrowOop [56]=Oop }
                      ;*checkcast {reexecute=0 rethrow=0 return_oop=0}
                      ; - org.apache.spark.util.io.ChunkedByteBufferOutputStream::write@68 (line 77)
                      ; - net.jpountz.lz4.LZ4BlockOutputStream::flushBufferedData@209 (line 225)
  0x0000019b103b4490: 6c36 83ff 

  0x0000019b103b4494: ;   {other}
  0x0000019b103b4494: 0f1f 8400 | 0419 0035 | baf6 ffff | ff41 8beb | 4489 5424 | 2044 894c | 2424 4489 | 4424 2890 
  0x0000019b103b44b4: ;   {runtime_call UncommonTrapBlob}
  0x0000019b103b44b4: c5f8 77e8 

  0x0000019b103b44b8: ; ImmutableOopMap {[32]=NarrowOop }
                      ;*invokestatic arraycopy {reexecute=0 rethrow=0 return_oop=0}
                      ; - java.nio.HeapByteBuffer::put@50 (line 239)
                      ; - org.apache.spark.util.io.ChunkedByteBufferOutputStream::write@78 (line 77)
                      ; - net.jpountz.lz4.LZ4BlockOutputStream::flushBufferedData@209 (line 225)
  0x0000019b103b44b8: 4436 83ff 

  0x0000019b103b44bc: ;   {other}
  0x0000019b103b44bc: 0f1f 8400 | 2c19 0036 | baf6 ffff | ff66 6690 

  0x0000019b103b44cc: ;   {runtime_call UncommonTrapBlob}
  0x0000019b103b44cc: c5f8 77e8 

  0x0000019b103b44d0: ; ImmutableOopMap {}
                      ;*invokeinterface reset {reexecute=0 rethrow=0 return_oop=0}
                      ; - net.jpountz.lz4.LZ4BlockOutputStream::flushBufferedData@12 (line 207)
  0x0000019b103b44d0: 2c36 83ff 

  0x0000019b103b44d4: ;   {other}
  0x0000019b103b44d4: 0f1f 8400 | 4419 0037 | baf6 ffff | ff41 8beb | 4489 5424 | 2066 6690 

  0x0000019b103b44ec: ;   {runtime_call UncommonTrapBlob}
  0x0000019b103b44ec: c5f8 77e8 

  0x0000019b103b44f0: ; ImmutableOopMap {rbp=NarrowOop }
                      ;*invokeinterface update {reexecute=0 rethrow=0 return_oop=0}
                      ; - net.jpountz.lz4.LZ4BlockOutputStream::flushBufferedData@30 (line 208)
  0x0000019b103b44f0: 0c36 83ff 

  0x0000019b103b44f4: ;   {other}
  0x0000019b103b44f4: 0f1f 8400 | 6419 0038 | baf6 ffff | ff66 6690 

  0x0000019b103b4504: ;   {runtime_call UncommonTrapBlob}
  0x0000019b103b4504: c5f8 77e8 

  0x0000019b103b4508: ; ImmutableOopMap {}
                      ;*invokeinterface getValue {reexecute=0 rethrow=0 return_oop=0}
                      ; - net.jpountz.lz4.LZ4BlockOutputStream::flushBufferedData@39 (line 209)
  0x0000019b103b4508: f435 83ff 

  0x0000019b103b450c: ;   {other}
  0x0000019b103b450c: 0f1f 8400 | 7c19 0039 | baf6 ffff | ff41 8bea | 897c 2420 | 4489 4424 | 2466 6690 

  0x0000019b103b4528: ;   {runtime_call UncommonTrapBlob}
  0x0000019b103b4528: c5f8 77e8 

  0x0000019b103b452c: ; ImmutableOopMap {rbp=NarrowOop [36]=NarrowOop }
                      ;*invokevirtual compress {reexecute=0 rethrow=0 return_oop=0}
                      ; - net.jpountz.lz4.LZ4BlockOutputStream::flushBufferedData@66 (line 210)
  0x0000019b103b452c: d035 83ff 

  0x0000019b103b4530: ;   {other}
  0x0000019b103b4530: 0f1f 8400 | a019 003a | baf6 ffff | ff66 6690 

  0x0000019b103b4540: ;   {runtime_call UncommonTrapBlob}
  0x0000019b103b4540: c5f8 77e8 

  0x0000019b103b4544: ; ImmutableOopMap {}
                      ;*arraylength {reexecute=0 rethrow=0 return_oop=0}
                      ; - net.jpountz.lz4.LZ4Compressor::compress@10 (line 97)
                      ; - net.jpountz.lz4.LZ4BlockOutputStream::flushBufferedData@66 (line 210)
  0x0000019b103b4544: b835 83ff 

  0x0000019b103b4548: ;   {other}
  0x0000019b103b4548: 0f1f 8400 | b819 003b | baf6 ffff | ff66 6690 

  0x0000019b103b4558: ;   {runtime_call UncommonTrapBlob}
  0x0000019b103b4558: c5f8 77e8 

  0x0000019b103b455c: ; ImmutableOopMap {}
                      ;*arraylength {reexecute=0 rethrow=0 return_oop=0}
                      ; - net.jpountz.util.SafeUtils::checkRange@6 (line 26)
                      ; - net.jpountz.util.SafeUtils::checkRange@10 (line 34)
                      ; - net.jpountz.lz4.LZ4JNICompressor::compress@3 (line 36)
                      ; - net.jpountz.lz4.LZ4Compressor::compress@14 (line 97)
                      ; - net.jpountz.lz4.LZ4BlockOutputStream::flushBufferedData@66 (line 210)
  0x0000019b103b455c: a035 83ff 

  0x0000019b103b4560: ;   {other}
  0x0000019b103b4560: 0f1f 8400 | d019 003c | baf6 ffff | ff41 8bea | 4489 7424 | 2066 6690 

  0x0000019b103b4578: ;   {runtime_call UncommonTrapBlob}
  0x0000019b103b4578: c5f8 77e8 

  0x0000019b103b457c: ; ImmutableOopMap {rbp=NarrowOop }
                      ;*invokevirtual write {reexecute=0 rethrow=0 return_oop=0}
                      ; - net.jpountz.lz4.LZ4BlockOutputStream::flushBufferedData@209 (line 225)
  0x0000019b103b457c: 8035 83ff 

  0x0000019b103b4580: ;   {other}
  0x0000019b103b4580: 0f1f 8400 | f019 003d | baf6 ffff | ff41 8bea | 895c 2420 

  0x0000019b103b4594: ;   {runtime_call UncommonTrapBlob}
  0x0000019b103b4594: c5f8 77e8 

  0x0000019b103b4598: ; ImmutableOopMap {rbp=NarrowOop }
                      ;*invokestatic arraycopy {reexecute=0 rethrow=0 return_oop=0}
                      ; - net.jpountz.lz4.LZ4BlockOutputStream::flushBufferedData@102 (line 215)
  0x0000019b103b4598: 6435 83ff 

  0x0000019b103b459c: ;   {other}
  0x0000019b103b459c: 0f1f 8400 | 0c1a 003e | baf6 ffff | ff89 5c24 | 2066 6690 

  0x0000019b103b45b0: ;   {runtime_call UncommonTrapBlob}
  0x0000019b103b45b0: c5f8 77e8 

  0x0000019b103b45b4: ; ImmutableOopMap {rbp=NarrowOop }
                      ;*invokestatic arraycopy {reexecute=0 rethrow=0 return_oop=0}
                      ; - net.jpountz.lz4.LZ4BlockOutputStream::flushBufferedData@102 (line 215)
  0x0000019b103b45b4: 4835 83ff 

  0x0000019b103b45b8: ;   {other}
  0x0000019b103b45b8: 0f1f 8400 | 281a 003f | baf6 ffff | ff49 8be8 

  0x0000019b103b45c8: ;   {runtime_call UncommonTrapBlob}
  0x0000019b103b45c8: c5f8 77e8 

  0x0000019b103b45cc: ; ImmutableOopMap {rbp=Oop }
                      ;*invokeinterface apply {reexecute=0 rethrow=0 return_oop=0}
                      ; - org.apache.spark.util.io.ChunkedByteBufferOutputStream::allocateNewChunkIfNeeded@26 (line 87)
                      ; - org.apache.spark.util.io.ChunkedByteBufferOutputStream::write@33 (line 75)
                      ; - net.jpountz.lz4.LZ4BlockOutputStream::flushBufferedData@209 (line 225)
  0x0000019b103b45cc: 3035 83ff 

  0x0000019b103b45d0: ;   {other}
  0x0000019b103b45d0: 0f1f 8400 | 401a 0040 | baf6 ffff | ff48 8be8 

  0x0000019b103b45e0: ;   {runtime_call UncommonTrapBlob}
  0x0000019b103b45e0: c5f8 77e8 

  0x0000019b103b45e4: ; ImmutableOopMap {rbp=Oop }
                      ;*invokevirtual $plus$eq {reexecute=0 rethrow=0 return_oop=0}
                      ; - org.apache.spark.util.io.ChunkedByteBufferOutputStream::allocateNewChunkIfNeeded@31 (line 87)
                      ; - org.apache.spark.util.io.ChunkedByteBufferOutputStream::write@33 (line 75)
                      ; - net.jpountz.lz4.LZ4BlockOutputStream::flushBufferedData@209 (line 225)
  0x0000019b103b45e4: 1835 83ff 

  0x0000019b103b45e8: ;   {other}
  0x0000019b103b45e8: 0f1f 8400 | 581a 0041 | baf6 ffff | ff66 6690 

  0x0000019b103b45f8: ;   {runtime_call UncommonTrapBlob}
  0x0000019b103b45f8: c5f8 77e8 

  0x0000019b103b45fc: ; ImmutableOopMap {}
                      ;*arraylength {reexecute=0 rethrow=0 return_oop=0}
                      ; - scala.collection.mutable.ArrayBuffer::addOne@21 (line 142)
                      ; - scala.collection.mutable.ArrayBuffer::addOne@2 (line 41)
                      ; - scala.collection.mutable.Growable::$plus$eq@2 (line 36)
                      ; - scala.collection.mutable.Growable::$plus$eq$@2 (line 36)
                      ; - scala.collection.mutable.AbstractBuffer::$plus$eq@2 (line 318)
                      ; - org.apache.spark.util.io.ChunkedByteBufferOutputStream::allocateNewChunkIfNeeded@31 (line 87)
                      ; - org.apache.spark.util.io.ChunkedByteBufferOutputStream::write@33 (line 75)
                      ; - net.jpountz.lz4.LZ4BlockOutputStream::flushBufferedData@209 (line 225)
  0x0000019b103b45fc: 0035 83ff 

  0x0000019b103b4600: ;   {other}
  0x0000019b103b4600: 0f1f 8400 | 701a 0042 | baf6 ffff | ff41 8bea 

  0x0000019b103b4610: ;   {runtime_call UncommonTrapBlob}
  0x0000019b103b4610: c5f8 77e8 

  0x0000019b103b4614: ; ImmutableOopMap {[80]=Oop }
                      ;*aastore {reexecute=1 rethrow=0 return_oop=0}
                      ; - (reexecute) scala.collection.mutable.ArrayBuffer::addOne@46 (line 144)
                      ; - scala.collection.mutable.ArrayBuffer::addOne@2 (line 41)
                      ; - scala.collection.mutable.Growable::$plus$eq@2 (line 36)
                      ; - scala.collection.mutable.Growable::$plus$eq$@2 (line 36)
                      ; - scala.collection.mutable.AbstractBuffer::$plus$eq@2 (line 318)
                      ; - org.apache.spark.util.io.ChunkedByteBufferOutputStream::allocateNewChunkIfNeeded@31 (line 87)
                      ; - org.apache.spark.util.io.ChunkedByteBufferOutputStream::write@33 (line 75)
                      ; - net.jpountz.lz4.LZ4BlockOutputStream::flushBufferedData@209 (line 225)
  0x0000019b103b4614: e834 83ff 

  0x0000019b103b4618: ;   {other}
  0x0000019b103b4618: 0f1f 8400 | 881a 0043 | eb02 eb00 | 488b d0e9 | f601 0000 | 488b d0e9 | ee01 0000 | 488b d848 
  0x0000019b103b4638: 8d44 2470 | 4883 3800 | 0f84 7b00 | 0000 4c8b | 5500 41f6 | c202 0f84 | 6200 0000 | 4983 ba86 
  0x0000019b103b4658: 0000 0000 | 7409 49ff | 8a86 0000 | 00eb 4b49 | 8b82 9600 | 0000 490b | 828e 0000 | 0075 0a49 
  0x0000019b103b4678: c742 3e00 | 0000 00eb | 3e49 83ba | 9e00 0000 | 0074 2248 | 33c0 49c7 | 423e 0000 | 0000 f083 
  0x0000019b103b4698: 0424 0049 | 83ba 9e00 | 0000 0075 | 0df0 4d0f | b17a 3e75 | 0583 c801 | eb0d a800 | eb09 4c8b 
  0x0000019b103b46b8: 10f0 4c0f | b155 0075 | 0a49 ff8f | 5005 0000 | 4533 d20f | 85ae 0100 | 0048 8bd3 | e949 0100 
  0x0000019b103b46d8: 0048 8bd8 | 488d 4424 | 7048 8338 | 000f 847b | 0000 004c | 8b55 0041 | f6c2 020f | 8462 0000 
  0x0000019b103b46f8: 0049 83ba | 8600 0000 | 0074 0949 | ff8a 8600 | 0000 eb4b | 498b 8296 | 0000 0049 

  0x0000019b103b4714: ;   {no_reloc}
  0x0000019b103b4714: 0b82 8e00 | 0000 750a | 49c7 423e | 0000 0000 | eb3e 4983 | ba9e 0000 | 0000 7422 | 4833 c049 
  0x0000019b103b4734: c742 3e00 | 0000 00f0 | 8304 2400 | 4983 ba9e | 0000 0000 | 750d f04d | 0fb1 7a3e | 7505 83c8 
  0x0000019b103b4754: 01eb 0da8 | 00eb 094c | 8b10 f04c | 0fb1 5500 | 750a 49ff | 8f50 0500 | 0045 33d2 | 0f85 e100 
  0x0000019b103b4774: 0000 488b | d3e9 a400 | 0000 488b | d8eb 0348 | 8bd8 4c8b | 5c24 2848 | 8d44 2470 | 4883 3800 
  0x0000019b103b4794: 0f84 7900 | 0000 4d8b | 1341 f6c2 | 020f 8462 | 0000 0049 | 83ba 8600 | 0000 0074 | 0949 ff8a 
  0x0000019b103b47b4: 8600 0000 | eb4b 498b | 8296 0000 | 0049 0b82 | 8e00 0000 | 750a 49c7 | 423e 0000 | 0000 eb3d 
  0x0000019b103b47d4: 4983 ba9e | 0000 0000 | 7422 4833 | c049 c742 | 3e00 0000 | 00f0 8304 | 2400 4983 | ba9e 0000 
  0x0000019b103b47f4: 0000 750d | f04d 0fb1 | 7a3e 7505 | 83c8 01eb | 0ca8 00eb | 084c 8b10 | f04d 0fb1 | 1375 0a49 
  0x0000019b103b4814: ;   {no_reloc}
  0x0000019b103b4814: ff8f 5005 | 0000 4533 | d275 1348 | 8bd3 c5f8 | 7748 81c4 | 8000 0000 

  0x0000019b103b482c: ;   {runtime_call _rethrow_Java}
  0x0000019b103b482c: 5de9 4e4a | 90ff 498b | cb48 8d54 | 2470 4d8b | c7c5 f877 | 49ba 40d9 | 97f8 ff7f | 0000 41ff 
  0x0000019b103b484c: ;   {other}
  0x0000019b103b484c: d20f 1f84 | 0000 0000 | 00eb c848 | 8bcd 488d | 5424 704d | 8bc7 c5f8 | 7749 ba40 | d997 f8ff 
  0x0000019b103b486c: 7f00 0041 

  0x0000019b103b4870: ;   {other}
  0x0000019b103b4870: ffd2 0f1f | 8400 0000 | 0000 e9f7 | feff ff48 | 8bcd 488d | 5424 704d | 8bc7 c5f8 | 7749 ba40 
  0x0000019b103b4890: d997 f8ff | 7f00 0041 

  0x0000019b103b4898: ;   {other}
  0x0000019b103b4898: ffd2 0f1f | 8400 0000 | 0000 e92a 

  0x0000019b103b48a4: ;   {internal_word}
  0x0000019b103b48a4: feff ff49 | bab0 363b | 109b 0100 | 004d 8997 | 6804 0000 

  0x0000019b103b48b8: ;   {runtime_call SafepointBlob}
  0x0000019b103b48b8: e9c3 2083 

  0x0000019b103b48bc: ;   {runtime_call StubRoutines (final stubs)}
  0x0000019b103b48bc: ffe8 de39 | 81ff e917 | e6ff fff4 
[Stub Code]
  0x0000019b103b48c8: ;   {no_reloc}
  0x0000019b103b48c8: 48bb 0000 | 0000 0000 

  0x0000019b103b48d0: ;   {runtime_call nmethod}
  0x0000019b103b48d0: 0000 e9fb 

  0x0000019b103b48d4: ;   {static_stub}
  0x0000019b103b48d4: ffff ff48 | bb30 41ec | 659b 0100 

  0x0000019b103b48e0: ;   {runtime_call I2C/C2I adapters}
  0x0000019b103b48e0: 00e9 7df5 

  0x0000019b103b48e4: ;   {static_stub}
  0x0000019b103b48e4: 82ff 48bb | 0000 0000 | 0000 0000 

  0x0000019b103b48f0: ;   {runtime_call nmethod}
  0x0000019b103b48f0: e9fb ffff 

  0x0000019b103b48f4: ;   {static_stub}
  0x0000019b103b48f4: ff48 bb00 | 0000 0000 

  0x0000019b103b48fc: ;   {runtime_call nmethod}
  0x0000019b103b48fc: 0000 00e9 | fbff ffff 

  0x0000019b103b4904: ;   {static_stub}
  0x0000019b103b4904: 48bb 0000 | 0000 0000 

  0x0000019b103b490c: ;   {runtime_call nmethod}
  0x0000019b103b490c: 0000 e9fb 

  0x0000019b103b4910: ;   {static_stub}
  0x0000019b103b4910: ffff ff48 | bb00 0000 | 0000 0000 

  0x0000019b103b491c: ;   {runtime_call nmethod}
  0x0000019b103b491c: 00e9 fbff 

  0x0000019b103b4920: ;   {static_stub}
  0x0000019b103b4920: ffff 48bb | 0000 0000 | 0000 0000 

  0x0000019b103b492c: ;   {runtime_call nmethod}
  0x0000019b103b492c: e9fb ffff 

  0x0000019b103b4930: ;   {runtime_call ExceptionBlob}
  0x0000019b103b4930: ffe9 ca07 | 90ff e800 | 0000 0048 | 832c 2405 

  0x0000019b103b4940: ;   {runtime_call DeoptimizationBlob}
  0x0000019b103b4940: e9db 3483 | fff4 f4f4 
[/MachCode]


Compiled method (c2) 52466 8247       4       java.io.ObjectOutputStream$BlockDataOutputStream::write (152 bytes)
 total in heap  [0x0000019b101ba890,0x0000019b101bcd58] = 9416
 relocation     [0x0000019b101ba9f0,0x0000019b101bab38] = 328
 main code      [0x0000019b101bab40,0x0000019b101bbee0] = 5024
 stub code      [0x0000019b101bbee0,0x0000019b101bbf08] = 40
 oops           [0x0000019b101bbf08,0x0000019b101bbf28] = 32
 metadata       [0x0000019b101bbf28,0x0000019b101bbfa8] = 128
 scopes data    [0x0000019b101bbfa8,0x0000019b101bc850] = 2216
 scopes pcs     [0x0000019b101bc850,0x0000019b101bcc60] = 1040
 dependencies   [0x0000019b101bcc60,0x0000019b101bcc68] = 8
 handler table  [0x0000019b101bcc68,0x0000019b101bccc8] = 96
 nul chk table  [0x0000019b101bccc8,0x0000019b101bcd58] = 144

[Constant Pool (empty)]

[MachCode]
[Entry Point]
  # {method} {0x0000019b65f006a8} 'write' '([BIIZ)V' in 'java/io/ObjectOutputStream$BlockDataOutputStream'
  # this:     rdx:rdx   = 'java/io/ObjectOutputStream$BlockDataOutputStream'
  # parm0:    r8:r8     = '[B'
  # parm1:    r9        = int
  # parm2:    rdi       = int
  # parm3:    rsi       = boolean
  #           [sp+0xb0]  (sp of caller)
  0x0000019b101bab40: 448b 5208 | 49bb 0000 | 001a 9b01 | 0000 4d03 | d349 3bc2 

  0x0000019b101bab54: ;   {runtime_call ic_miss_stub}
  0x0000019b101bab54: 0f85 263e | a2ff 6690 | 0f1f 4000 
[Verified Entry Point]
  0x0000019b101bab60: 8984 2400 | 80ff ff55 | 4881 eca0 | 0000 0090 | 4181 7f20 | 0900 0000 | 0f85 5813 | 0000 4c89 
  0x0000019b101bab80: 4424 4848 | 8954 2430 | 85f6 0f85 | 9c0d 0000 | 440f b652 | 1045 85d2 | 0f84 ea0d | 0000 85ff 
  0x0000019b101baba0: 0f8e ff05 | 0000 458b | 580c 4489 | 5c24 4441 | bd00 0400 | 0041 0fcd | 897c 2460 | 4489 4c24 
  0x0000019b101babc0: 5ce9 7701 | 0000 4889 | 4424 f88b | 4424 5c89 | 4424 3c48 | 8b44 24f8 | be00 0400 | 008b 6b2c 
  0x0000019b101babe0: ; implicit exception: dispatches to 0x0000019b101bbd04
  0x0000019b101babe0: 8b55 0c44 | 8b44 243c | 4585 c00f | 8cdf 0a00 | 0045 85d2 | 0f8c d60a | 0000 448b | 4c24 3c44 
  0x0000019b101bac00: 03ce 448b | 5c24 4445 | 3bd9 0f82 | c00a 0000 | 468d 1c16 | 413b d30f | 82b3 0a00 | 0085 f60f 
  0x0000019b101bac20: 8cab 0a00 | 0085 f674 | 2d4c 8b5c | 2448 4b8d | 4c03 104c | 63c6 4c8b | dd4a 8d54 | 1510 c5f8 
  0x0000019b101bac40: 7749 ba60 | 26bc 0f9b | 0100 0041 

  0x0000019b101bac4c: ;   {other}
  0x0000019b101bac4c: ffd2 0f1f | 8400 0000 | 0000 0173 | 2081 c700 | 0400 004d | 8b97 5804 | 0000 448b | 5c24 6041 
  0x0000019b101bac6c: 81c3 00fc 

  0x0000019b101bac70: ; ImmutableOopMap {[48]=Oop [72]=Oop }
                      ;*goto {reexecute=1 rethrow=0 return_oop=0}
                      ; - (reexecute) java.io.ObjectOutputStream$BlockDataOutputStream::write@95 (line 1877)
                      ;   {poll}
  0x0000019b101bac70: ffff 4185 | 02e9 a700 | 0000 4c8b | 5424 3041 | 8b72 14bd | 0004 0000 | 2beb 3b6c | 2460 410f 
  0x0000019b101bac90: 4feb 448b | 5e0c 448b | 4c24 5c45 | 85c9 0f8c | 480b 0000 | 85db 0f8c | 400b 0000 | 8b7c 245c 
  0x0000019b101bacb0: 03fd 448b | 5424 4444 | 3bd7 0f82 | 2c0b 0000 | 448d 042b | 453b d80f | 821f 0b00 | 0085 ed0f 
  0x0000019b101bacd0: 8c17 0b00 | 0085 ed74 | 2d4c 8b54 | 2448 4b8d | 4c0a 104c | 63c5 4c8b | d648 8d54 | 1e10 c5f8 
  0x0000019b101bacf0: 7749 ba60 | 26bc 0f9b | 0100 0041 

  0x0000019b101bacfc: ;   {other}
  0x0000019b101bacfc: ffd2 0f1f | 8400 0000 | 0000 4c8b | 5424 3041 | 016a 0c44 | 8b5c 2460 | 442b dd4d | 8b97 5804 
  0x0000019b101bad1c: ; ImmutableOopMap {[48]=Oop [72]=Oop }
                      ;*goto {reexecute=1 rethrow=0 return_oop=0}
                      ; - (reexecute) java.io.ObjectOutputStream$BlockDataOutputStream::write@148 (line 1884)
                      ;   {poll}
  0x0000019b101bad1c: 0000 4185 | 0245 85db | 0f8e 7b04 | 0000 4c8b | 5424 3045 | 0fb6 5210 | 897c 245c | 4489 5c24 
  0x0000019b101bad3c: 604c 8b5c | 2430 418b | 5b0c 81fb | 0004 0000 | 0f8d 5b02 | 0000 448b | 5c24 6041 | 81fb 0004 
  0x0000019b101bad5c: 0000 0f8c | 16ff ffff | 85db 0f85 | 0eff ffff | 4c8b 5424 | 3045 8b42 | 1845 8b48 | 0c45 85c9 
  0x0000019b101bad7c: 0f86 7008 | 0000 41c6 | 4010 7a41 | 8d69 fd85 | ed0f 8c81 | 0800 0083 | fd01 0f86 | 9408 0000 
  0x0000019b101bad9c: 4589 6811 | 418b 6a20 

  0x0000019b101bada4: ; implicit exception: dispatches to 0x0000019b101bbcac
  0x0000019b101bada4: 448b 5508 

  0x0000019b101bada8: ;   {metadata('net/jpountz/lz4/LZ4BlockOutputStream')}
  0x0000019b101bada8: 4181 fab8 | 82a9 010f | 8597 0800 | 0048 8bfd | 4183 f904 | 0f8e 4609 | 0000 0fb6 | 6f0e 85ed 
  0x0000019b101badc8: 0f85 6609 | 0000 448b | 5718 448b | 5f20 498b | d041 8d4b | 0541 3bca | 0f8f d803 | 0000 bb05 
  0x0000019b101bade8: 0000 0033 | c08b 6f2c 

  0x0000019b101badf0: ; implicit exception: dispatches to 0x0000019b101bbcc4
  0x0000019b101badf0: 448b 550c | 85c0 0f8c | 7408 0000 | 4585 db0f | 8c6b 0800 | 008d 0c18 | 443b c90f | 825f 0800 
  0x0000019b101bae10: 0042 8d0c | 1b44 3bd1 | 0f82 5208 | 0000 85db | 0f8c 4a08 | 0000 85db | 7428 498d | 4c00 104c 
  0x0000019b101bae30: 63c3 4c8b | d54a 8d54 | 1d10 c5f8 | 7749 ba60 | 26bc 0f9b | 0100 0041 

  0x0000019b101bae48: ;   {other}
  0x0000019b101bae48: ffd2 0f1f | 8400 0000 | 0000 015f | 204c 8b54 | 2430 418b | 6a20 448b 

  0x0000019b101bae60: ;   {metadata('net/jpountz/lz4/LZ4BlockOutputStream')}
  0x0000019b101bae60: 5508 4181 | fab8 82a9 | 010f 8541 | 0800 0048 | 8bdd 8b7c | 245c 3b7c | 2444 0f83 | e008 0000 
  0x0000019b101bae80: 8b6c 245c | 81c5 ff03 | 0000 3b6c | 2444 0f83 | 1009 0000 | 0fb6 6b0e | 85ed 0f85 | 2809 0000 
  0x0000019b101baea0: 448b 5320 | 8b4b 1845 | 8d82 0004 | 0000 443b | c10f 8e0f | fdff ff44 | 8b4c 245c | be00 0400 
  0x0000019b101baec0: 0044 8bd9 | 452b da44 | 8b43 2c41 | 8b50 0c45 | 85c9 0f8c | b40c 0000 | 4585 d20f | 8cab 0c00 
  0x0000019b101baee0: 0043 8d04 | 198b 6c24 | 443b e80f | 829b 0c00 | 003b d10f | 8293 0c00 | 0045 85db | 0f8c 8a0c 
  0x0000019b101baf00: 0000 413b | ca0f 8429 | 0c00 0089 | 4424 3c89 | 7424 2c44 | 894c 2428 | 897c 2424 | 4489 6c24 
  0x0000019b101baf20: 2048 8b4c | 2448 4a8d | 4c09 104d | 8bc8 4b8d | 5410 1044 | 895c 2438 | 4d63 c3c5 | f877 49ba 
  0x0000019b101baf40: 6026 bc0f | 9b01 0000 

  0x0000019b101baf48: ;   {other}
  0x0000019b101baf48: 41ff d20f | 1f84 0000 | 0000 0044 | 8b5b 1844 | 895b 2048 | 895c 2450 | 488b d390 

  0x0000019b101baf64: ;   {optimized virtual_call}
  0x0000019b101baf64: c5f8 77e8 

  0x0000019b101baf68: ; ImmutableOopMap {[48]=Oop [72]=Oop [80]=Oop }
                      ;*invokespecial flushBufferedData {reexecute=0 rethrow=0 return_oop=0}
                      ; - net.jpountz.lz4.LZ4BlockOutputStream::write@65 (line 178)
                      ; - java.io.ObjectOutputStream$BlockDataOutputStream::write@80 (line 1875)
  0x0000019b101baf68: 547f 1f00 

  0x0000019b101baf6c: ;   {other}
  0x0000019b101baf6c: 0f1f 8400 | dc06 0002 | 4d8b 9758 | 0400 008b | 7424 2c2b 

  0x0000019b101baf80: ; ImmutableOopMap {[48]=Oop [72]=Oop [80]=Oop }
                      ;*goto {reexecute=1 rethrow=0 return_oop=0}
                      ; - (reexecute) net.jpountz.lz4.LZ4BlockOutputStream::write@78 (line 181)
                      ; - java.io.ObjectOutputStream$BlockDataOutputStream::write@80 (line 1875)
                      ;   {poll}
  0x0000019b101baf80: 7424 3841 | 8502 488b | 5c24 5044 | 8b53 208b | 4b18 468d | 1c16 443b | d90f 8f29 | 0600 0044 
  0x0000019b101bafa0: 8b6c 2420 | 8b7c 2424 | e930 fcff | ff85 db0f | 84fb 0900 | 0045 85d2 | 0f84 120a | 0000 81fb 
  0x0000019b101bafc0: ff00 0000 | 0f8e 260a | 0000 458b | 5318 458b | 5a0c 4585 | db0f 8645 | 0800 0041 | c642 107a 
  0x0000019b101bafe0: 418d 6bfd | 85ed 0f8c | 5408 0000 | 83fd 010f | 866b 0800 | 004c 8b44 | 2430 418b | 6820 0fcb 
  0x0000019b101bb000: 4189 5a11 

  0x0000019b101bb004: ; implicit exception: dispatches to 0x0000019b101bbd58
  0x0000019b101bb004: 448b 4508 

  0x0000019b101bb008: ;   {metadata('net/jpountz/lz4/LZ4BlockOutputStream')}
  0x0000019b101bb008: 4181 f8b8 | 82a9 010f | 856b 0800 | 0048 8bfd | 4183 fb04 | 0f8e ea09 | 0000 0fb6 | 6f0e 85ed 
  0x0000019b101bb028: 0f85 0a0a | 0000 8b4f | 188b 7720 | 498b d244 | 8d46 0544 | 3bc1 0f8f | 8f02 0000 | bb05 0000 
  0x0000019b101bb048: 0045 33c9 | 8b6f 2c44 | 8b45 0c45 | 85c9 0f8c | 4008 0000 | 85f6 0f8c | 3808 0000 | 418d 0419 
  0x0000019b101bb068: 443b d80f | 822b 0800 | 0044 8d1c | 3345 3bc3 | 0f82 1e08 | 0000 85db | 0f8c 1608 | 0000 85db 
  0x0000019b101bb088: 7428 4b8d | 4c0a 104c | 63c3 4c8b | d548 8d54 | 3510 c5f8 | 7749 ba60 | 26bc 0f9b | 0100 0041 
  0x0000019b101bb0a8: ;   {other}
  0x0000019b101bb0a8: ffd2 0f1f | 8400 0000 | 0000 015f | 204c 8b54 | 2430 458b | 5214 4c8b | 5c24 3041 | 8b5b 0c41 
  0x0000019b101bb0c8: 8b6b 2044 

  0x0000019b101bb0cc: ;   {metadata('net/jpountz/lz4/LZ4BlockOutputStream')}
  0x0000019b101bb0cc: 8b5d 0841 | 81fb b882 | a901 0f85 | f807 0000 | 488b fd85 | db0f 8c7d | 0900 0085 | db0f 8e65 
  0x0000019b101bb0ec: 0800 0045 | 8b42 0c45 | 85c0 0f86 | a009 0000 | 8d6b ff41 | 3be8 0f83 | cc09 0000 | 0fb6 6f0e 
  0x0000019b101bb10c: 85ed 0f85 | f009 0000 | 8b4f 1844 | 8b4f 2042 | 8d04 0b49 | 8bf2 3bc1 | 0f8f 2103 | 0000 4533 
  0x0000019b101bb12c: db8b 6f2c 

  0x0000019b101bb130: ; implicit exception: dispatches to 0x0000019b101bbdcc
  0x0000019b101bb130: 8b55 0c45 | 85db 0f8c | b807 0000 | 4585 c90f | 8caf 0700 | 0041 8d0c | 1b44 3bc1 | 0f82 a207 
  0x0000019b101bb150: 0000 428d | 0c0b 3bd1 | 0f82 9607 | 0000 85db | 0f8c 8e07 | 0000 85db | 7428 4b8d | 4c1a 104c 
  0x0000019b101bb170: 63c3 4c8b | d54a 8d54 | 0d10 c5f8 | 7749 ba60 | 26bc 0f9b | 0100 0041 

  0x0000019b101bb188: ;   {other}
  0x0000019b101bb188: ffd2 0f1f | 8400 0000 | 0000 015f | 204c 8b54 | 2430 4589 | 620c 33db | e9ad fbff | ffc5 f877 
  0x0000019b101bb1a8: 4881 c4a0 | 0000 005d 

  0x0000019b101bb1b0: ;   {poll_return}
  0x0000019b101bb1b0: 493b a750 | 0400 000f | 8703 0d00 | 00c3 33f6 | b905 0000 | 0044 896c | 2450 4489 | 4424 5444 
  0x0000019b101bb1d0: 894c 2458 | 418b c348 | 8954 2420 | 8974 243c | 894c 2440 | 448b 5f2c | 4889 7c24 | 2845 8bca 
  0x0000019b101bb1f0: 442b c844 | 894c 2438 

  0x0000019b101bb1f8: ; implicit exception: dispatches to 0x0000019b101bbe37
  0x0000019b101bb1f8: 458b 4b0c | 8b4c 243c | 85c9 0f8c | 4c09 0000 | 85c0 0f8c | 4409 0000 | 8b6c 243c | 036c 2438 
  0x0000019b101bb218: 448b 4424 | 5844 3bc5 | 0f82 2e09 | 0000 453b | ca0f 8225 | 0900 0044 | 8b44 2438 | 4585 c00f 
  0x0000019b101bb238: 8c17 0900 | 0044 3bd0 | 742f 448b | 4424 5449 | 8d4c 0810 | 4c63 4424 | 384d 8bcb | 498d 5403 
  0x0000019b101bb258: 10c5 f877 | 49ba 6026 | bc0f 9b01 | 0000 41ff 

  0x0000019b101bb268: ;   {other}
  0x0000019b101bb268: d20f 1f84 | 0000 0000 | 0044 8b57 | 1844 8957 | 2048 8bd7 

  0x0000019b101bb27c: ;   {optimized virtual_call}
  0x0000019b101bb27c: c5f8 77e8 

  0x0000019b101bb280: ; ImmutableOopMap {[32]=Oop [40]=Oop [48]=Oop [72]=Oop [84]=NarrowOop }
                      ;*invokespecial flushBufferedData {reexecute=0 rethrow=0 return_oop=0}
                      ; - net.jpountz.lz4.LZ4BlockOutputStream::write@65 (line 178)
                      ; - java.io.ObjectOutputStream$BlockDataOutputStream::writeBlockHeader@66 (line 1916)
                      ; - java.io.ObjectOutputStream$BlockDataOutputStream::write@68 (line 1874)
  0x0000019b101bb280: 3c7c 1f00 

  0x0000019b101bb284: ;   {other}
  0x0000019b101bb284: 0f1f 8400 | f409 0004 | 4d8b 9758 | 0400 008b | 5c24 402b 

  0x0000019b101bb298: ; ImmutableOopMap {[32]=Oop [40]=Oop [48]=Oop [72]=Oop [84]=NarrowOop }
                      ;*goto {reexecute=1 rethrow=0 return_oop=0}
                      ; - (reexecute) net.jpountz.lz4.LZ4BlockOutputStream::write@78 (line 181)
                      ; - java.io.ObjectOutputStream$BlockDataOutputStream::writeBlockHeader@66 (line 1916)
                      ; - java.io.ObjectOutputStream$BlockDataOutputStream::write@68 (line 1874)
                      ;   {poll}
  0x0000019b101bb298: 5c24 3841 | 8502 488b | 7c24 2844 | 8b5f 2044 | 8b57 1846 | 8d04 1b45 | 3bc2 0f8f | 0003 0000 
  0x0000019b101bb2b8: 448b 6c24 | 5044 8b44 | 2454 448b | 4c24 5848 | 8b54 2420 | 8bc5 e91a | fbff ff41 | b905 0000 
  0x0000019b101bb2d8: 0045 33c0 | 488b 5c24 | 3048 895c | 2468 488b | 5c24 4848 | 895c 2470 | 8b6c 2444 | 896c 2464 
  0x0000019b101bb2f8: 4489 6c24 | 7844 8954 | 247c 4489 | 9c24 8000 | 0000 4889 | 7c24 4848 | 8954 2450 | 4489 4c24 
  0x0000019b101bb318: 5845 8be8 | 448b d944 | 2bde 4489 | 5c24 304c | 8b54 2448 | 458b 5a2c | 458b cb45 | 8b43 0c45 
  0x0000019b101bb338: 85ed 0f8c | 9c08 0000 | 85f6 0f8c | 9408 0000 | 458b dd44 | 035c 2430 | 418b eb44 | 8b94 2480 
  0x0000019b101bb358: 0000 0045 | 3bd3 0f82 | 7808 0000 | 443b c10f | 826f 0800 | 0044 8b54 | 2430 4585 | d20f 8c61 
  0x0000019b101bb378: 0800 003b | ce74 3244 | 8b5c 247c | 4b8d 4c2b | 104c 6344 | 2430 458b | d949 8bdb | 498d 5433 
  0x0000019b101bb398: ;   {no_reloc}
  0x0000019b101bb398: 10c5 f877 | 49ba 6026 | bc0f 9b01 | 0000 41ff 

  0x0000019b101bb3a8: ;   {other}
  0x0000019b101bb3a8: d20f 1f84 | 0000 0000 | 004c 8b5c | 2448 458b | 5318 4589 | 5320 488b | 5424 484c | 8b54 2468 
  0x0000019b101bb3c8: 4c89 5424 | 2044 896c | 243c 6690 

  0x0000019b101bb3d4: ;   {optimized virtual_call}
  0x0000019b101bb3d4: c5f8 77e8 

  0x0000019b101bb3d8: ; ImmutableOopMap {[32]=Oop [72]=Oop [80]=Oop [104]=Oop [112]=Oop [124]=NarrowOop }
                      ;*invokespecial flushBufferedData {reexecute=0 rethrow=0 return_oop=0}
                      ; - net.jpountz.lz4.LZ4BlockOutputStream::write@65 (line 178)
                      ; - java.io.ObjectOutputStream$BlockDataOutputStream::writeBlockHeader@66 (line 1916)
                      ; - java.io.ObjectOutputStream$BlockDataOutputStream::drain@20 (line 1897)
                      ; - java.io.ObjectOutputStream$BlockDataOutputStream::write@42 (line 1870)
  0x0000019b101bb3d8: e47a 1f00 

  0x0000019b101bb3dc: ;   {other}
  0x0000019b101bb3dc: 0f1f 8400 | 4c0b 0006 | 4d8b 9f58 | 0400 008b | 5c24 582b 

  0x0000019b101bb3f0: ; ImmutableOopMap {[32]=Oop [72]=Oop [80]=Oop [104]=Oop [112]=Oop [124]=NarrowOop }
                      ;*goto {reexecute=1 rethrow=0 return_oop=0}
                      ; - (reexecute) net.jpountz.lz4.LZ4BlockOutputStream::write@78 (line 181)
                      ; - java.io.ObjectOutputStream$BlockDataOutputStream::writeBlockHeader@66 (line 1916)
                      ; - java.io.ObjectOutputStream$BlockDataOutputStream::drain@20 (line 1897)
                      ; - java.io.ObjectOutputStream$BlockDataOutputStream::write@42 (line 1870)
                      ;   {poll}
  0x0000019b101bb3f0: 5c24 3041 | 8503 488b | 7c24 488b | 7720 8b4f | 1844 8d14 | 3344 3bd1 | 0f8f cd01 | 0000 4c8b 
  0x0000019b101bb410: 5424 204c | 8954 2430 | 4c8b 5424 | 704c 8954 | 2448 448b | 5c24 6444 | 895c 2444 | 448b 6c24 
  0x0000019b101bb430: 7844 8b54 | 247c 448b | 9c24 8000 | 0000 488b | 5424 5044 | 8bcd e901 | fcff ff33 | d24c 8b5c 
  0x0000019b101bb450: 2430 4c89 | 5c24 684c | 8b5c 2448 | 4c89 5c24 | 708b 6c24 | 4489 6c24 | 6444 896c | 2478 4489 
  0x0000019b101bb470: 5424 7c89 | 5c24 5848 | 897c 2448 | 4489 8424 | 8000 0000 | 4889 7424 | 508b f244 | 8bd1 452b 
  0x0000019b101bb490: d144 8954 | 2430 4c8b | 5424 4845 | 8b52 2c41 | 8bda 458b | 5a0c 85f6 | 0f8c 8a07 | 0000 4585 
  0x0000019b101bb4b0: c90f 8c81 | 0700 0044 | 8bd6 4403 | 5424 3041 | 8bea 448b | 8424 8000 | 0000 453b | c20f 8265 
  0x0000019b101bb4d0: 0700 0044 | 3bd9 0f82 | 5c07 0000 | 448b 5424 | 3045 85d2 | 0f8c 4e07 | 0000 413b | c974 3244 
  0x0000019b101bb4f0: ;   {no_reloc}
  0x0000019b101bb4f0: 8b5c 247c | 498d 4c33 | 104c 6344 | 2430 448b | d34d 8bda | 4b8d 540a | 10c5 f877 | 49ba 6026 
  0x0000019b101bb510: bc0f 9b01 | 0000 41ff 

  0x0000019b101bb518: ;   {other}
  0x0000019b101bb518: d20f 1f84 | 0000 0000 | 004c 8b54 | 2448 458b | 5a18 4589 | 5a20 488b | 5424 484c | 8b54 2468 
  0x0000019b101bb538: 4c89 5424 | 2089 7424 | 3c66 6690 

  0x0000019b101bb544: ;   {optimized virtual_call}
  0x0000019b101bb544: c5f8 77e8 

  0x0000019b101bb548: ; ImmutableOopMap {[32]=Oop [72]=Oop [80]=Oop [104]=Oop [112]=Oop [124]=NarrowOop }
                      ;*invokespecial flushBufferedData {reexecute=0 rethrow=0 return_oop=0}
                      ; - net.jpountz.lz4.LZ4BlockOutputStream::write@65 (line 178)
                      ; - java.io.ObjectOutputStream$BlockDataOutputStream::drain@36 (line 1899)
                      ; - java.io.ObjectOutputStream$BlockDataOutputStream::write@42 (line 1870)
  0x0000019b101bb548: 7479 1f00 

  0x0000019b101bb54c: ;   {other}
  0x0000019b101bb54c: 0f1f 8400 | bc0c 0008 | 4d8b 9f58 | 0400 008b | 5c24 582b 

  0x0000019b101bb560: ; ImmutableOopMap {[32]=Oop [72]=Oop [80]=Oop [104]=Oop [112]=Oop [124]=NarrowOop }
                      ;*goto {reexecute=1 rethrow=0 return_oop=0}
                      ; - (reexecute) net.jpountz.lz4.LZ4BlockOutputStream::write@78 (line 181)
                      ; - java.io.ObjectOutputStream$BlockDataOutputStream::drain@36 (line 1899)
                      ; - java.io.ObjectOutputStream$BlockDataOutputStream::write@42 (line 1870)
                      ;   {poll}
  0x0000019b101bb560: 5c24 3041 | 8503 488b | 7c24 4844 | 8b4f 208b | 4f18 468d | 040b 443b | c17f 6c4c | 8b54 2420 
  0x0000019b101bb580: 4c89 5424 | 304c 8b54 | 2470 4c89 | 5424 4844 | 8b54 2464 | 4489 5424 | 4444 8b6c | 2478 448b 
  0x0000019b101bb5a0: 5424 7c44 | 8b84 2480 | 0000 0048 | 8b74 2450 | 448b dde9 | 75fb ffff | 896c 243c | 418b c389 
  0x0000019b101bb5c0: 5c24 40e9 | 1cfc ffff | 448b 4c24 | 3c44 8b6c | 2420 8b7c | 2424 e9e6 | f8ff ff44 | 8bed 895c 
  0x0000019b101bb5e0: 2458 e935 | fdff ff8b | f589 5c24 | 58e9 99fe | ffff bae4 | ffff ff4c | 8954 2428 | 4489 4424 
  0x0000019b101bb600: 3866 6690 

  0x0000019b101bb604: ;   {runtime_call UncommonTrapBlob}
  0x0000019b101bb604: c5f8 77e8 

  0x0000019b101bb608: ; ImmutableOopMap {[40]=Oop [56]=NarrowOop [72]=Oop }
                      ;*bastore {reexecute=0 rethrow=0 return_oop=0}
                      ; - java.io.ObjectOutputStream$BlockDataOutputStream::writeBlockHeader@46 (line 1914)
                      ; - java.io.ObjectOutputStream$BlockDataOutputStream::write@68 (line 1874)
  0x0000019b101bb608: f4c4 a2ff 

  0x0000019b101bb60c: ;   {other}
  0x0000019b101bb60c: 0f1f 8400 | 7c0d 000a | bacc ffff | ff44 8944 | 2440 6690 

  0x0000019b101bb620: ;   {runtime_call UncommonTrapBlob}
  0x0000019b101bb620: c5f8 77e8 

  0x0000019b101bb624: ; ImmutableOopMap {[48]=Oop [64]=NarrowOop [72]=Oop }
                      ;*invokestatic checkIndex {reexecute=0 rethrow=0 return_oop=0}
                      ; - java.lang.invoke.VarHandleByteArrayAsInts$ArrayHandle::index@8 (line 101)
                      ; - java.lang.invoke.VarHandleByteArrayAsInts$ArrayHandle::set@20 (line 128)
                      ; - java.lang.invoke.VarHandleGuards::guard_LII_V@50 (line 757)
                      ; - jdk.internal.util.ByteArray::setInt@6 (line 316)
                      ; - java.io.ObjectOutputStream$BlockDataOutputStream::writeBlockHeader@53 (line 1915)
                      ; - java.io.ObjectOutputStream$BlockDataOutputStream::write@68 (line 1874)
  0x0000019b101bb624: d8c4 a2ff 

  0x0000019b101bb628: ;   {other}
  0x0000019b101bb628: 0f1f 8400 | 980d 000b | bae4 ffff | ff44 8944 | 2440 6690 

  0x0000019b101bb63c: ;   {runtime_call UncommonTrapBlob}
  0x0000019b101bb63c: c5f8 77e8 

  0x0000019b101bb640: ; ImmutableOopMap {[48]=Oop [64]=NarrowOop [72]=Oop }
                      ;*invokestatic checkIndex {reexecute=0 rethrow=0 return_oop=0}
                      ; - java.lang.invoke.VarHandleByteArrayAsInts$ArrayHandle::index@8 (line 101)
                      ; - java.lang.invoke.VarHandleByteArrayAsInts$ArrayHandle::set@20 (line 128)
                      ; - java.lang.invoke.VarHandleGuards::guard_LII_V@50 (line 757)
                      ; - jdk.internal.util.ByteArray::setInt@6 (line 316)
                      ; - java.io.ObjectOutputStream$BlockDataOutputStream::writeBlockHeader@53 (line 1915)
                      ; - java.io.ObjectOutputStream$BlockDataOutputStream::write@68 (line 1874)
  0x0000019b101bb640: bcc4 a2ff 

  0x0000019b101bb644: ;   {other}
  0x0000019b101bb644: 0f1f 8400 | b40d 000c | bade ffff | ff4c 8b54 | 2430 4c89 | 5424 2044 | 8944 2438 

  0x0000019b101bb660: ;   {runtime_call UncommonTrapBlob}
  0x0000019b101bb660: c5f8 77e8 

  0x0000019b101bb664: ; ImmutableOopMap {rbp=NarrowOop [32]=Oop [56]=NarrowOop [72]=Oop }
                      ;*invokevirtual write {reexecute=0 rethrow=0 return_oop=0}
                      ; - java.io.ObjectOutputStream$BlockDataOutputStream::writeBlockHeader@66 (line 1916)
                      ; - java.io.ObjectOutputStream$BlockDataOutputStream::write@68 (line 1874)
  0x0000019b101bb664: 98c4 a2ff 

  0x0000019b101bb668: ;   {other}
  0x0000019b101bb668: 0f1f 8400 | d80d 000d | bacc ffff | ff4c 8b54 | 2430 4c89 | 5424 204c | 8b54 2448 | 4c89 5424 
  0x0000019b101bb688: 3048 897c | 2438 4489 | 4424 4489 | 4424 4844 | 895c 244c | 895c 2450 

  0x0000019b101bb6a0: ;   {runtime_call UncommonTrapBlob}
  0x0000019b101bb6a0: c5f8 77e8 

  0x0000019b101bb6a4: ; ImmutableOopMap {rbp=NarrowOop [32]=Oop [48]=Oop [56]=Oop [68]=NarrowOop }
                      ;*invokestatic arraycopy {reexecute=0 rethrow=0 return_oop=0}
                      ; - net.jpountz.lz4.LZ4BlockOutputStream::write@92 (line 182)
                      ; - java.io.ObjectOutputStream$BlockDataOutputStream::writeBlockHeader@66 (line 1916)
                      ; - java.io.ObjectOutputStream$BlockDataOutputStream::write@68 (line 1874)
  0x0000019b101bb6a4: 58c4 a2ff 

  0x0000019b101bb6a8: ;   {other}
  0x0000019b101bb6a8: 0f1f 8400 | 180e 000e | bade ffff | ff4c 8b54 | 2430 4c89 | 5424 2090 

  0x0000019b101bb6c0: ;   {runtime_call UncommonTrapBlob}
  0x0000019b101bb6c0: c5f8 77e8 

  0x0000019b101bb6c4: ; ImmutableOopMap {rbp=NarrowOop [32]=Oop [72]=Oop }
                      ;*invokevirtual write {reexecute=0 rethrow=0 return_oop=0}
                      ; - java.io.ObjectOutputStream$BlockDataOutputStream::write@80 (line 1875)
  0x0000019b101bb6c4: 38c4 a2ff 

  0x0000019b101bb6c8: ;   {other}
  0x0000019b101bb6c8: 0f1f 8400 | 380e 000f | bacc ffff | ff4c 8b5c | 2430 4c89 | 5c24 2089 | 7c24 2848 | 895c 2438 
  0x0000019b101bb6e8: 4489 4424 | 4444 8954 | 2450 8974 | 2454 6690 

  0x0000019b101bb6f8: ;   {runtime_call UncommonTrapBlob}
  0x0000019b101bb6f8: c5f8 77e8 

  0x0000019b101bb6fc: ; ImmutableOopMap {rbp=NarrowOop [32]=Oop [56]=Oop [72]=Oop }
                      ;*invokestatic arraycopy {reexecute=0 rethrow=0 return_oop=0}
                      ; - net.jpountz.lz4.LZ4BlockOutputStream::write@92 (line 182)
                      ; - java.io.ObjectOutputStream$BlockDataOutputStream::write@80 (line 1875)
  0x0000019b101bb6fc: 00c4 a2ff 

  0x0000019b101bb700: ;   {other}
  0x0000019b101bb700: 0f1f 8400 | 700e 0010 | ba45 ffff | ff48 8b6c | 2430 4889 | 7c24 3044 | 8944 2438 | 4489 4c24 
  0x0000019b101bb720: 3c66 6690 

  0x0000019b101bb724: ;   {runtime_call UncommonTrapBlob}
  0x0000019b101bb724: c5f8 77e8 

  0x0000019b101bb728: ; ImmutableOopMap {rbp=Oop [48]=Oop [56]=NarrowOop [72]=Oop }
                      ;*if_icmplt {reexecute=1 rethrow=0 return_oop=0}
                      ; - (reexecute) net.jpountz.util.SafeUtils::checkRange@7 (line 26)
                      ; - net.jpountz.util.SafeUtils::checkRange@19 (line 35)
                      ; - net.jpountz.lz4.LZ4BlockOutputStream::write@3 (line 171)
                      ; - java.io.ObjectOutputStream$BlockDataOutputStream::writeBlockHeader@66 (line 1916)
                      ; - java.io.ObjectOutputStream$BlockDataOutputStream::write@68 (line 1874)
  0x0000019b101bb728: d4c3 a2ff 

  0x0000019b101bb72c: ;   {other}
  0x0000019b101bb72c: 0f1f 8400 | 9c0e 0011 | ba45 ffff | ff4c 8b54 | 2430 4c89 | 5424 2048 | 897c 2438 | 4489 4424 
  0x0000019b101bb74c: 4066 6690 

  0x0000019b101bb750: ;   {runtime_call UncommonTrapBlob}
  0x0000019b101bb750: c5f8 77e8 

  0x0000019b101bb754: ; ImmutableOopMap {[32]=Oop [56]=Oop [64]=NarrowOop [72]=Oop }
                      ;*ifeq {reexecute=1 rethrow=0 return_oop=0}
                      ; - (reexecute) net.jpountz.lz4.LZ4BlockOutputStream::ensureNotFinished@4 (line 155)
                      ; - net.jpountz.lz4.LZ4BlockOutputStream::write@7 (line 172)
                      ; - java.io.ObjectOutputStream$BlockDataOutputStream::writeBlockHeader@66 (line 1916)
                      ; - java.io.ObjectOutputStream$BlockDataOutputStream::write@68 (line 1874)
  0x0000019b101bb754: a8c3 a2ff 

  0x0000019b101bb758: ;   {other}
  0x0000019b101bb758: 0f1f 8400 | c80e 0012 | bae5 ffff | ff48 8b6c | 2430 4889 | 4424 f88b | 4424 5c89 | 4424 2848 
  0x0000019b101bb778: 8b44 24f8 | 4889 4424 | f88b 4424 | 5c89 4424 | 2c48 8b44 | 24f8 4889 | 5c24 4090 

  0x0000019b101bb794: ;   {runtime_call UncommonTrapBlob}
  0x0000019b101bb794: c5f8 77e8 

  0x0000019b101bb798: ; ImmutableOopMap {rbp=Oop [64]=Oop [72]=Oop }
                      ;*iflt {reexecute=1 rethrow=0 return_oop=0}
                      ; - (reexecute) net.jpountz.util.SafeUtils::checkRange@1 (line 26)
                      ; - net.jpountz.util.SafeUtils::checkRange@10 (line 34)
                      ; - net.jpountz.lz4.LZ4BlockOutputStream::write@3 (line 171)
                      ; - java.io.ObjectOutputStream$BlockDataOutputStream::write@80 (line 1875)
  0x0000019b101bb798: 64c3 a2ff 

  0x0000019b101bb79c: ;   {other}
  0x0000019b101bb79c: 0f1f 8400 | 0c0f 0013 | bae5 ffff | ff4c 8b54 | 2430 4c89 | 5424 2048 | 895c 2440 

  0x0000019b101bb7b8: ;   {runtime_call UncommonTrapBlob}
  0x0000019b101bb7b8: c5f8 77e8 

  0x0000019b101bb7bc: ; ImmutableOopMap {[32]=Oop [64]=Oop [72]=Oop }
                      ;*iflt {reexecute=1 rethrow=0 return_oop=0}
                      ; - (reexecute) net.jpountz.util.SafeUtils::checkRange@1 (line 26)
                      ; - net.jpountz.util.SafeUtils::checkRange@19 (line 35)
                      ; - net.jpountz.lz4.LZ4BlockOutputStream::write@3 (line 171)
                      ; - java.io.ObjectOutputStream$BlockDataOutputStream::write@80 (line 1875)
  0x0000019b101bb7bc: 40c3 a2ff 

  0x0000019b101bb7c0: ;   {other}
  0x0000019b101bb7c0: 0f1f 8400 | 300f 0014 | ba45 ffff | ff4c 8b54 | 2430 4c89 | 5424 2048 | 895c 2440 

  0x0000019b101bb7dc: ;   {runtime_call UncommonTrapBlob}
  0x0000019b101bb7dc: c5f8 77e8 

  0x0000019b101bb7e0: ; ImmutableOopMap {[32]=Oop [64]=Oop [72]=Oop }
                      ;*ifeq {reexecute=1 rethrow=0 return_oop=0}
                      ; - (reexecute) net.jpountz.lz4.LZ4BlockOutputStream::ensureNotFinished@4 (line 155)
                      ; - net.jpountz.lz4.LZ4BlockOutputStream::write@7 (line 172)
                      ; - java.io.ObjectOutputStream$BlockDataOutputStream::write@80 (line 1875)
  0x0000019b101bb7e0: 1cc3 a2ff 

  0x0000019b101bb7e4: ;   {other}
  0x0000019b101bb7e4: 0f1f 8400 | 540f 0015 | bacc ffff | ff4c 8b54 | 2430 4c89 | 5424 2089 | 5c24 344c | 8b54 2448 
  0x0000019b101bb804: 4c89 5424 | 4089 7424 | 4866 6690 

  0x0000019b101bb810: ;   {runtime_call UncommonTrapBlob}
  0x0000019b101bb810: c5f8 77e8 

  0x0000019b101bb814: ; ImmutableOopMap {[32]=Oop [64]=Oop [72]=NarrowOop }
                      ;*invokestatic arraycopy {reexecute=0 rethrow=0 return_oop=0}
                      ; - java.io.ObjectOutputStream$BlockDataOutputStream::write@124 (line 1880)
  0x0000019b101bb814: e8c2 a2ff 

  0x0000019b101bb818: ;   {other}
  0x0000019b101bb818: 0f1f 8400 | 880f 0016 | bae4 ffff | ff89 5c24 | 3844 8954 | 243c 6690 

  0x0000019b101bb830: ;   {runtime_call UncommonTrapBlob}
  0x0000019b101bb830: c5f8 77e8 

  0x0000019b101bb834: ; ImmutableOopMap {[48]=Oop [60]=NarrowOop [72]=Oop }
                      ;*bastore {reexecute=0 rethrow=0 return_oop=0}
                      ; - java.io.ObjectOutputStream$BlockDataOutputStream::writeBlockHeader@46 (line 1914)
                      ; - java.io.ObjectOutputStream$BlockDataOutputStream::drain@20 (line 1897)
                      ; - java.io.ObjectOutputStream$BlockDataOutputStream::write@42 (line 1870)
  0x0000019b101bb834: c8c2 a2ff 

  0x0000019b101bb838: ;   {other}
  0x0000019b101bb838: 0f1f 8400 | a80f 0017 | bacc ffff | ff89 5c24 | 4044 8954 | 2444 6690 

  0x0000019b101bb850: ;   {runtime_call UncommonTrapBlob}
  0x0000019b101bb850: c5f8 77e8 

  0x0000019b101bb854: ; ImmutableOopMap {[48]=Oop [68]=NarrowOop [72]=Oop }
                      ;*invokestatic checkIndex {reexecute=0 rethrow=0 return_oop=0}
                      ; - java.lang.invoke.VarHandleByteArrayAsInts$ArrayHandle::index@8 (line 101)
                      ; - java.lang.invoke.VarHandleByteArrayAsInts$ArrayHandle::set@20 (line 128)
                      ; - java.lang.invoke.VarHandleGuards::guard_LII_V@50 (line 757)
                      ; - jdk.internal.util.ByteArray::setInt@6 (line 316)
                      ; - java.io.ObjectOutputStream$BlockDataOutputStream::writeBlockHeader@53 (line 1915)
                      ; - java.io.ObjectOutputStream$BlockDataOutputStream::drain@20 (line 1897)
                      ; - java.io.ObjectOutputStream$BlockDataOutputStream::write@42 (line 1870)
  0x0000019b101bb854: a8c2 a2ff 

  0x0000019b101bb858: ;   {other}
  0x0000019b101bb858: 0f1f 8400 | c80f 0018 | bae4 ffff | ff89 5c24 | 4044 8954 | 2444 6690 

  0x0000019b101bb870: ;   {runtime_call UncommonTrapBlob}
  0x0000019b101bb870: c5f8 77e8 

  0x0000019b101bb874: ; ImmutableOopMap {[48]=Oop [68]=NarrowOop [72]=Oop }
                      ;*invokestatic checkIndex {reexecute=0 rethrow=0 return_oop=0}
                      ; - java.lang.invoke.VarHandleByteArrayAsInts$ArrayHandle::index@8 (line 101)
                      ; - java.lang.invoke.VarHandleByteArrayAsInts$ArrayHandle::set@20 (line 128)
                      ; - java.lang.invoke.VarHandleGuards::guard_LII_V@50 (line 757)
                      ; - jdk.internal.util.ByteArray::setInt@6 (line 316)
                      ; - java.io.ObjectOutputStream$BlockDataOutputStream::writeBlockHeader@53 (line 1915)
                      ; - java.io.ObjectOutputStream$BlockDataOutputStream::drain@20 (line 1897)
                      ; - java.io.ObjectOutputStream$BlockDataOutputStream::write@42 (line 1870)
  0x0000019b101bb874: 88c2 a2ff 

  0x0000019b101bb878: ;   {other}
  0x0000019b101bb878: 0f1f 8400 | e80f 0019 | bade ffff | ff44 8954 | 2440 6690 

  0x0000019b101bb88c: ;   {runtime_call UncommonTrapBlob}
  0x0000019b101bb88c: c5f8 77e8 

  0x0000019b101bb890: ; ImmutableOopMap {rbp=NarrowOop [48]=Oop [64]=NarrowOop [72]=Oop }
                      ;*invokevirtual write {reexecute=0 rethrow=0 return_oop=0}
                      ; - java.io.ObjectOutputStream$BlockDataOutputStream::writeBlockHeader@66 (line 1916)
                      ; - java.io.ObjectOutputStream$BlockDataOutputStream::drain@20 (line 1897)
                      ; - java.io.ObjectOutputStream$BlockDataOutputStream::write@42 (line 1870)
  0x0000019b101bb890: 6cc2 a2ff 

  0x0000019b101bb894: ;   {other}
  0x0000019b101bb894: 0f1f 8400 | 0410 001a | bacc ffff | ff4c 8b5c | 2448 4c89 | 5c24 3848 | 897c 2440 | 4489 5424 
  0x0000019b101bb8b4: 4c44 894c | 2450 8974 | 2454 895c | 2458 6690 

  0x0000019b101bb8c4: ;   {runtime_call UncommonTrapBlob}
  0x0000019b101bb8c4: c5f8 77e8 

  0x0000019b101bb8c8: ; ImmutableOopMap {rbp=NarrowOop [48]=Oop [56]=Oop [64]=Oop [76]=NarrowOop }
                      ;*invokestatic arraycopy {reexecute=0 rethrow=0 return_oop=0}
                      ; - net.jpountz.lz4.LZ4BlockOutputStream::write@92 (line 182)
                      ; - java.io.ObjectOutputStream$BlockDataOutputStream::writeBlockHeader@66 (line 1916)
                      ; - java.io.ObjectOutputStream$BlockDataOutputStream::drain@20 (line 1897)
                      ; - java.io.ObjectOutputStream$BlockDataOutputStream::write@42 (line 1870)
  0x0000019b101bb8c8: 34c2 a2ff 

  0x0000019b101bb8cc: ;   {other}
  0x0000019b101bb8cc: 0f1f 8400 | 3c10 001b | bade ffff | ff44 8954 | 2440 895c | 2444 6690 

  0x0000019b101bb8e4: ;   {runtime_call UncommonTrapBlob}
  0x0000019b101bb8e4: c5f8 77e8 

  0x0000019b101bb8e8: ; ImmutableOopMap {rbp=NarrowOop [48]=Oop [64]=NarrowOop [72]=Oop }
                      ;*invokevirtual write {reexecute=0 rethrow=0 return_oop=0}
                      ; - java.io.ObjectOutputStream$BlockDataOutputStream::drain@36 (line 1899)
                      ; - java.io.ObjectOutputStream$BlockDataOutputStream::write@42 (line 1870)
  0x0000019b101bb8e8: 14c2 a2ff 

  0x0000019b101bb8ec: ;   {other}
  0x0000019b101bb8ec: 0f1f 8400 | 5c10 001c | bacc ffff | ff4c 8b44 | 2448 4c89 | 4424 3848 | 897c 2440 | 4489 5424 
  0x0000019b101bb90c: 4c44 895c | 2450 4489 | 4c24 5489 | 5c24 5890 

  0x0000019b101bb91c: ;   {runtime_call UncommonTrapBlob}
  0x0000019b101bb91c: c5f8 77e8 

  0x0000019b101bb920: ; ImmutableOopMap {rbp=NarrowOop [48]=Oop [56]=Oop [64]=Oop [76]=NarrowOop }
                      ;*invokestatic arraycopy {reexecute=0 rethrow=0 return_oop=0}
                      ; - net.jpountz.lz4.LZ4BlockOutputStream::write@92 (line 182)
                      ; - java.io.ObjectOutputStream$BlockDataOutputStream::drain@36 (line 1899)
                      ; - java.io.ObjectOutputStream$BlockDataOutputStream::write@42 (line 1870)
  0x0000019b101bb920: dcc1 a2ff 

  0x0000019b101bb924: ;   {other}
  0x0000019b101bb924: 0f1f 8400 | 9410 001d | ba45 ffff | ff48 8b6c | 2430 4489 | 4c24 2089 | 7c24 2489 | 7424 3490 
  0x0000019b101bb944: ;   {runtime_call UncommonTrapBlob}
  0x0000019b101bb944: c5f8 77e8 

  0x0000019b101bb948: ; ImmutableOopMap {rbp=Oop [72]=Oop }
                      ;*ifne {reexecute=1 rethrow=0 return_oop=0}
                      ; - (reexecute) java.io.ObjectOutputStream$BlockDataOutputStream::write@2 (line 1862)
  0x0000019b101bb948: b4c1 a2ff 

  0x0000019b101bb94c: ;   {other}
  0x0000019b101bb94c: 0f1f 8400 | bc10 001e | ba45 ffff | ff48 8b6c | 2430 4c8b | 5c24 484c | 895c 2430 | 4889 7c24 
  0x0000019b101bb96c: 3844 8954 | 2440 895c | 2448 6690 

  0x0000019b101bb978: ;   {runtime_call UncommonTrapBlob}
  0x0000019b101bb978: c5f8 77e8 

  0x0000019b101bb97c: ; ImmutableOopMap {rbp=Oop [48]=Oop [56]=Oop [64]=NarrowOop }
                      ;*ifle {reexecute=1 rethrow=0 return_oop=0}
                      ; - (reexecute) net.jpountz.util.SafeUtils::checkRange@5 (line 33)
                      ; - net.jpountz.lz4.LZ4BlockOutputStream::write@3 (line 171)
                      ; - java.io.ObjectOutputStream$BlockDataOutputStream::drain@36 (line 1899)
                      ; - java.io.ObjectOutputStream$BlockDataOutputStream::write@42 (line 1870)
  0x0000019b101bb97c: 80c1 a2ff 

  0x0000019b101bb980: ;   {other}
  0x0000019b101bb980: 0f1f 8400 | f010 001f | ba45 ffff | ff48 8b6c | 2430 4489 | 4c24 2089 | 7c24 2444 | 8954 2428 
  0x0000019b101bb9a0: ;   {runtime_call UncommonTrapBlob}
  0x0000019b101bb9a0: c5f8 77e8 

  0x0000019b101bb9a4: ; ImmutableOopMap {rbp=Oop [72]=Oop }
                      ;*ifne {reexecute=1 rethrow=0 return_oop=0}
                      ; - (reexecute) java.io.ObjectOutputStream$BlockDataOutputStream::write@9 (line 1862)
  0x0000019b101bb9a4: 58c1 a2ff 

  0x0000019b101bb9a8: ;   {other}
  0x0000019b101bb9a8: 0f1f 8400 | 1811 0020 | ba45 ffff | ff48 8b6c | 2430 895c | 2428 6690 

  0x0000019b101bb9c0: ;   {runtime_call UncommonTrapBlob}
  0x0000019b101bb9c0: c5f8 77e8 

  0x0000019b101bb9c4: ; ImmutableOopMap {rbp=Oop [72]=Oop }
                      ;*ifne {reexecute=1 rethrow=0 return_oop=0}
                      ; - (reexecute) java.io.ObjectOutputStream$BlockDataOutputStream::drain@4 (line 1893)
                      ; - java.io.ObjectOutputStream$BlockDataOutputStream::write@42 (line 1870)
  0x0000019b101bb9c4: 38c1 a2ff 

  0x0000019b101bb9c8: ;   {other}
  0x0000019b101bb9c8: 0f1f 8400 | 3811 0021 | ba45 ffff | ff48 8b6c | 2430 4489 | 5424 3090 

  0x0000019b101bb9e0: ;   {runtime_call UncommonTrapBlob}
  0x0000019b101bb9e0: c5f8 77e8 

  0x0000019b101bb9e4: ; ImmutableOopMap {rbp=Oop [72]=Oop }
                      ;*ifeq {reexecute=1 rethrow=0 return_oop=0}
                      ; - (reexecute) java.io.ObjectOutputStream$BlockDataOutputStream::drain@12 (line 1896)
                      ; - java.io.ObjectOutputStream$BlockDataOutputStream::write@42 (line 1870)
  0x0000019b101bb9e4: 18c1 a2ff 

  0x0000019b101bb9e8: ;   {other}
  0x0000019b101bb9e8: 0f1f 8400 | 5811 0022 | ba45 ffff | ff89 5c24 | 3c66 6690 

  0x0000019b101bb9fc: ;   {runtime_call UncommonTrapBlob}
  0x0000019b101bb9fc: c5f8 77e8 

  0x0000019b101bba00: ; ImmutableOopMap {[48]=Oop [72]=Oop }
                      ;*if_icmpgt {reexecute=1 rethrow=0 return_oop=0}
                      ; - (reexecute) java.io.ObjectOutputStream$BlockDataOutputStream::writeBlockHeader@4 (line 1909)
                      ; - java.io.ObjectOutputStream$BlockDataOutputStream::drain@20 (line 1897)
                      ; - java.io.ObjectOutputStream$BlockDataOutputStream::write@42 (line 1870)
  0x0000019b101bba00: fcc0 a2ff 

  0x0000019b101bba04: ;   {other}
  0x0000019b101bba04: 0f1f 8400 | 7411 0023 | ba45 ffff | ff48 8b6c | 2430 4889 | 7c24 3844 | 8954 2440 | 4489 5c24 
  0x0000019b101bba24: 4466 6690 

  0x0000019b101bba28: ;   {runtime_call UncommonTrapBlob}
  0x0000019b101bba28: c5f8 77e8 

  0x0000019b101bba2c: ; ImmutableOopMap {rbp=Oop [56]=Oop [64]=NarrowOop [72]=Oop }
                      ;*if_icmplt {reexecute=1 rethrow=0 return_oop=0}
                      ; - (reexecute) net.jpountz.util.SafeUtils::checkRange@7 (line 26)
                      ; - net.jpountz.util.SafeUtils::checkRange@19 (line 35)
                      ; - net.jpountz.lz4.LZ4BlockOutputStream::write@3 (line 171)
                      ; - java.io.ObjectOutputStream$BlockDataOutputStream::writeBlockHeader@66 (line 1916)
                      ; - java.io.ObjectOutputStream$BlockDataOutputStream::drain@20 (line 1897)
                      ; - java.io.ObjectOutputStream$BlockDataOutputStream::write@42 (line 1870)
  0x0000019b101bba2c: d0c0 a2ff 

  0x0000019b101bba30: ;   {other}
  0x0000019b101bba30: 0f1f 8400 | a011 0024 | ba45 ffff | ff4c 8b5c | 2448 4c89 | 5c24 3848 | 897c 2440 | 4489 5424 
  0x0000019b101bba50: 4866 6690 

  0x0000019b101bba54: ;   {runtime_call UncommonTrapBlob}
  0x0000019b101bba54: c5f8 77e8 

  0x0000019b101bba58: ; ImmutableOopMap {[48]=Oop [56]=Oop [64]=Oop [72]=NarrowOop }
                      ;*ifeq {reexecute=1 rethrow=0 return_oop=0}
                      ; - (reexecute) net.jpountz.lz4.LZ4BlockOutputStream::ensureNotFinished@4 (line 155)
                      ; - net.jpountz.lz4.LZ4BlockOutputStream::write@7 (line 172)
                      ; - java.io.ObjectOutputStream$BlockDataOutputStream::writeBlockHeader@66 (line 1916)
                      ; - java.io.ObjectOutputStream$BlockDataOutputStream::drain@20 (line 1897)
                      ; - java.io.ObjectOutputStream$BlockDataOutputStream::write@42 (line 1870)
  0x0000019b101bba58: a4c0 a2ff 

  0x0000019b101bba5c: ;   {other}
  0x0000019b101bba5c: 0f1f 8400 | cc11 0025 | ba45 ffff | ff48 8b6c | 2430 4c8b | 5c24 484c | 895c 2430 | 4889 7c24 
  0x0000019b101bba7c: 3844 8954 | 2448 895c | 244c 895c | 2450 6690 

  0x0000019b101bba8c: ;   {runtime_call UncommonTrapBlob}
  0x0000019b101bba8c: c5f8 77e8 

  0x0000019b101bba90: ; ImmutableOopMap {rbp=Oop [48]=Oop [56]=Oop [72]=NarrowOop }
                      ;*ifge {reexecute=1 rethrow=0 return_oop=0}
                      ; - (reexecute) net.jpountz.util.SafeUtils::checkLength@1 (line 40)
                      ; - net.jpountz.util.SafeUtils::checkRange@1 (line 32)
                      ; - net.jpountz.lz4.LZ4BlockOutputStream::write@3 (line 171)
                      ; - java.io.ObjectOutputStream$BlockDataOutputStream::drain@36 (line 1899)
                      ; - java.io.ObjectOutputStream$BlockDataOutputStream::write@42 (line 1870)
  0x0000019b101bba90: 6cc0 a2ff 

  0x0000019b101bba94: ;   {other}
  0x0000019b101bba94: 0f1f 8400 | 0412 0026 | ba45 ffff | ff48 8b6c | 2430 4c8b | 5c24 484c | 895c 2430 | 4889 7c24 
  0x0000019b101bbab4: 3844 8954 | 2448 895c | 244c 4489 | 4424 5090 

  0x0000019b101bbac4: ;   {runtime_call UncommonTrapBlob}
  0x0000019b101bbac4: c5f8 77e8 

  0x0000019b101bbac8: ; ImmutableOopMap {rbp=Oop [48]=Oop [56]=Oop [72]=NarrowOop }
                      ;*if_icmplt {reexecute=1 rethrow=0 return_oop=0}
                      ; - (reexecute) net.jpountz.util.SafeUtils::checkRange@7 (line 26)
                      ; - net.jpountz.util.SafeUtils::checkRange@10 (line 34)
                      ; - net.jpountz.lz4.LZ4BlockOutputStream::write@3 (line 171)
                      ; - java.io.ObjectOutputStream$BlockDataOutputStream::drain@36 (line 1899)
                      ; - java.io.ObjectOutputStream$BlockDataOutputStream::write@42 (line 1870)
  0x0000019b101bbac8: 34c0 a2ff 

  0x0000019b101bbacc: ;   {other}
  0x0000019b101bbacc: 0f1f 8400 | 3c12 0027 | bae5 ffff | ff4c 8b5c | 2448 4c89 | 5c24 3848 | 897c 2440 | 895c 244c 
  0x0000019b101bbaec: 4489 5424 | 5066 6690 

  0x0000019b101bbaf4: ;   {runtime_call UncommonTrapBlob}
  0x0000019b101bbaf4: c5f8 77e8 

  0x0000019b101bbaf8: ; ImmutableOopMap {[48]=Oop [56]=Oop [64]=Oop [80]=NarrowOop }
                      ;*iflt {reexecute=1 rethrow=0 return_oop=0}
                      ; - (reexecute) net.jpountz.util.SafeUtils::checkRange@1 (line 26)
                      ; - net.jpountz.util.SafeUtils::checkRange@19 (line 35)
                      ; - net.jpountz.lz4.LZ4BlockOutputStream::write@3 (line 171)
                      ; - java.io.ObjectOutputStream$BlockDataOutputStream::drain@36 (line 1899)
                      ; - java.io.ObjectOutputStream$BlockDataOutputStream::write@42 (line 1870)
  0x0000019b101bbaf8: 04c0 a2ff 

  0x0000019b101bbafc: ;   {other}
  0x0000019b101bbafc: 0f1f 8400 | 6c12 0028 | ba45 ffff | ff4c 8b5c | 2448 4c89 | 5c24 3848 | 897c 2440 | 4489 5424 
  0x0000019b101bbb1c: 4889 5c24 | 4c66 6690 

  0x0000019b101bbb24: ;   {runtime_call UncommonTrapBlob}
  0x0000019b101bbb24: c5f8 77e8 

  0x0000019b101bbb28: ; ImmutableOopMap {[48]=Oop [56]=Oop [64]=Oop [72]=NarrowOop }
                      ;*ifeq {reexecute=1 rethrow=0 return_oop=0}
                      ; - (reexecute) net.jpountz.lz4.LZ4BlockOutputStream::ensureNotFinished@4 (line 155)
                      ; - net.jpountz.lz4.LZ4BlockOutputStream::write@7 (line 172)
                      ; - java.io.ObjectOutputStream$BlockDataOutputStream::drain@36 (line 1899)
                      ; - java.io.ObjectOutputStream$BlockDataOutputStream::write@42 (line 1870)
  0x0000019b101bbb28: d4bf a2ff 

  0x0000019b101bbb2c: ;   {other}
  0x0000019b101bbb2c: 0f1f 8400 | 9c12 0029 | 4489 6c24 | 2089 7c24 | 2444 894c | 2428 8974 | 242c 4489 | 5c24 3889 
  0x0000019b101bbb4c: 4424 3ce9 | fff3 ffff | bacc ffff | ff48 8b6c | 2430 4c8b | 5424 484c | 8954 2430 | 448b 5424 
  0x0000019b101bbb6c: 5444 8954 | 2444 4489 | 5c24 5089 | 4424 5490 

  0x0000019b101bbb7c: ;   {runtime_call UncommonTrapBlob}
  0x0000019b101bbb7c: c5f8 77e8 

  0x0000019b101bbb80: ; ImmutableOopMap {rbp=Oop [40]=Oop [48]=Oop [68]=NarrowOop [80]=NarrowOop }
                      ;*invokestatic arraycopy {reexecute=0 rethrow=0 return_oop=0}
                      ; - net.jpountz.lz4.LZ4BlockOutputStream::write@53 (line 176)
                      ; - java.io.ObjectOutputStream$BlockDataOutputStream::writeBlockHeader@66 (line 1916)
                      ; - java.io.ObjectOutputStream$BlockDataOutputStream::write@68 (line 1874)
  0x0000019b101bbb80: 7cbf a2ff 

  0x0000019b101bbb84: ;   {other}
  0x0000019b101bbb84: 0f1f 8400 | f412 002a | bacc ffff | ff48 8b6c | 2430 897c | 2420 4889 | 4424 f88b | 4424 6089 
  0x0000019b101bbba4: 4424 2448 | 8b44 24f8 | 4889 5c24 | 3089 7424 | 4444 894c | 2454 4489 | 4424 5844 | 8954 245c 
  0x0000019b101bbbc4: 4489 5c24 | 6066 6690 

  0x0000019b101bbbcc: ;   {runtime_call UncommonTrapBlob}
  0x0000019b101bbbcc: c5f8 77e8 

  0x0000019b101bbbd0: ; ImmutableOopMap {rbp=Oop [48]=Oop [72]=Oop [88]=NarrowOop }
                      ;*invokestatic arraycopy {reexecute=0 rethrow=0 return_oop=0}
                      ; - net.jpountz.lz4.LZ4BlockOutputStream::write@53 (line 176)
                      ; - java.io.ObjectOutputStream$BlockDataOutputStream::write@80 (line 1875)
  0x0000019b101bbbd0: 2cbf a2ff 

  0x0000019b101bbbd4: ;   {other}
  0x0000019b101bbbd4: 0f1f 8400 | 4413 002b | bacc ffff | ff48 8b6c | 2468 448b | 5424 5c44 | 8954 2420 | 448b 5c24 
  0x0000019b101bbbf4: 6044 895c | 2424 4c8b | 5424 484c | 8954 2440 | 448b 5c24 | 7c44 8b54 | 2458 4489 | 5424 4c44 
  0x0000019b101bbc14: 895c 2450 | 4489 6c24 | 5444 894c | 2458 8974 | 245c 6690 

  0x0000019b101bbc28: ;   {runtime_call UncommonTrapBlob}
  0x0000019b101bbc28: c5f8 77e8 

  0x0000019b101bbc2c: ; ImmutableOopMap {rbp=Oop [64]=Oop [80]=NarrowOop [88]=NarrowOop [112]=Oop [124]=NarrowOop }
                      ;*invokestatic arraycopy {reexecute=0 rethrow=0 return_oop=0}
                      ; - net.jpountz.lz4.LZ4BlockOutputStream::write@53 (line 176)
                      ; - java.io.ObjectOutputStream$BlockDataOutputStream::writeBlockHeader@66 (line 1916)
                      ; - java.io.ObjectOutputStream$BlockDataOutputStream::drain@20 (line 1897)
                      ; - java.io.ObjectOutputStream$BlockDataOutputStream::write@42 (line 1870)
  0x0000019b101bbc2c: d0be a2ff 

  0x0000019b101bbc30: ;   {other}
  0x0000019b101bbc30: 0f1f 8400 | a013 002c | bacc ffff | ff48 8b6c | 2468 448b | 5c24 5c44 | 895c 2420 | 448b 5c24 
  0x0000019b101bbc50: 6044 895c | 2424 4c8b | 5424 484c | 8954 2440 | 448b 5424 | 7c44 8b5c | 2458 4489 | 5c24 4c44 
  0x0000019b101bbc70: 8954 2450 | 8974 2454 | 895c 2458 | 4489 4c24 | 5c66 6690 

  0x0000019b101bbc84: ;   {runtime_call UncommonTrapBlob}
  0x0000019b101bbc84: c5f8 77e8 

  0x0000019b101bbc88: ; ImmutableOopMap {rbp=Oop [64]=Oop [80]=NarrowOop [88]=NarrowOop [112]=Oop [124]=NarrowOop }
                      ;*invokestatic arraycopy {reexecute=0 rethrow=0 return_oop=0}
                      ; - net.jpountz.lz4.LZ4BlockOutputStream::write@53 (line 176)
                      ; - java.io.ObjectOutputStream$BlockDataOutputStream::drain@36 (line 1899)
                      ; - java.io.ObjectOutputStream$BlockDataOutputStream::write@42 (line 1870)
  0x0000019b101bbc88: 74be a2ff 

  0x0000019b101bbc8c: ;   {other}
  0x0000019b101bbc8c: 0f1f 8400 | fc13 002d | baf6 ffff | ff66 6690 

  0x0000019b101bbc9c: ;   {runtime_call UncommonTrapBlob}
  0x0000019b101bbc9c: c5f8 77e8 

  0x0000019b101bbca0: ; ImmutableOopMap {}
                      ;*bastore {reexecute=0 rethrow=0 return_oop=0}
                      ; - java.io.ObjectOutputStream$BlockDataOutputStream::writeBlockHeader@46 (line 1914)
                      ; - java.io.ObjectOutputStream$BlockDataOutputStream::write@68 (line 1874)
  0x0000019b101bbca0: 5cbe a2ff 

  0x0000019b101bbca4: ;   {other}
  0x0000019b101bbca4: 0f1f 8400 | 1414 002e | baf6 ffff | ff41 8be8 

  0x0000019b101bbcb4: ;   {runtime_call UncommonTrapBlob}
  0x0000019b101bbcb4: c5f8 77e8 

  0x0000019b101bbcb8: ; ImmutableOopMap {rbp=NarrowOop }
                      ;*invokevirtual write {reexecute=0 rethrow=0 return_oop=0}
                      ; - java.io.ObjectOutputStream$BlockDataOutputStream::writeBlockHeader@66 (line 1916)
                      ; - java.io.ObjectOutputStream$BlockDataOutputStream::write@68 (line 1874)
  0x0000019b101bbcb8: 44be a2ff 

  0x0000019b101bbcbc: ;   {other}
  0x0000019b101bbcbc: 0f1f 8400 | 2c14 002f | baf6 ffff | ff41 8be8 | 8944 2420 | 4489 5c24 | 2489 5c24 | 2866 6690 
  0x0000019b101bbcdc: ;   {runtime_call UncommonTrapBlob}
  0x0000019b101bbcdc: c5f8 77e8 

  0x0000019b101bbce0: ; ImmutableOopMap {rbp=NarrowOop }
                      ;*invokestatic arraycopy {reexecute=0 rethrow=0 return_oop=0}
                      ; - net.jpountz.lz4.LZ4BlockOutputStream::write@92 (line 182)
                      ; - java.io.ObjectOutputStream$BlockDataOutputStream::writeBlockHeader@66 (line 1916)
                      ; - java.io.ObjectOutputStream$BlockDataOutputStream::write@68 (line 1874)
  0x0000019b101bbce0: 1cbe a2ff 

  0x0000019b101bbce4: ;   {other}
  0x0000019b101bbce4: 0f1f 8400 | 5414 0030 | baf6 ffff | ff66 6690 

  0x0000019b101bbcf4: ;   {runtime_call UncommonTrapBlob}
  0x0000019b101bbcf4: c5f8 77e8 

  0x0000019b101bbcf8: ; ImmutableOopMap {[72]=Oop }
                      ;*invokevirtual write {reexecute=0 rethrow=0 return_oop=0}
                      ; - java.io.ObjectOutputStream$BlockDataOutputStream::write@80 (line 1875)
  0x0000019b101bbcf8: 04be a2ff 

  0x0000019b101bbcfc: ;   {other}
  0x0000019b101bbcfc: 0f1f 8400 | 6c14 0031 | baf6 ffff | ff44 8954 | 2424 8974 | 2428 6690 

  0x0000019b101bbd14: ;   {runtime_call UncommonTrapBlob}
  0x0000019b101bbd14: c5f8 77e8 

  0x0000019b101bbd18: ; ImmutableOopMap {[72]=Oop }
                      ;*invokestatic arraycopy {reexecute=0 rethrow=0 return_oop=0}
                      ; - net.jpountz.lz4.LZ4BlockOutputStream::write@92 (line 182)
                      ; - java.io.ObjectOutputStream$BlockDataOutputStream::write@80 (line 1875)
  0x0000019b101bbd18: e4bd a2ff 

  0x0000019b101bbd1c: ;   {other}
  0x0000019b101bbd1c: 0f1f 8400 | 8c14 0032 | baf6 ffff | ff89 5c24 | 2466 6690 

  0x0000019b101bbd30: ;   {runtime_call UncommonTrapBlob}
  0x0000019b101bbd30: c5f8 77e8 

  0x0000019b101bbd34: ; ImmutableOopMap {[72]=Oop }
                      ;*invokestatic arraycopy {reexecute=0 rethrow=0 return_oop=0}
                      ; - java.io.ObjectOutputStream$BlockDataOutputStream::write@124 (line 1880)
  0x0000019b101bbd34: c8bd a2ff 

  0x0000019b101bbd38: ;   {other}
  0x0000019b101bbd38: 0f1f 8400 | a814 0033 | baf6 ffff | ff66 6690 

  0x0000019b101bbd48: ;   {runtime_call UncommonTrapBlob}
  0x0000019b101bbd48: c5f8 77e8 

  0x0000019b101bbd4c: ; ImmutableOopMap {}
                      ;*bastore {reexecute=0 rethrow=0 return_oop=0}
                      ; - java.io.ObjectOutputStream$BlockDataOutputStream::writeBlockHeader@46 (line 1914)
                      ; - java.io.ObjectOutputStream$BlockDataOutputStream::drain@20 (line 1897)
                      ; - java.io.ObjectOutputStream$BlockDataOutputStream::write@42 (line 1870)
  0x0000019b101bbd4c: b0bd a2ff 

  0x0000019b101bbd50: ;   {other}
  0x0000019b101bbd50: 0f1f 8400 | c014 0034 | baf6 ffff | ff41 8bea 

  0x0000019b101bbd60: ;   {runtime_call UncommonTrapBlob}
  0x0000019b101bbd60: c5f8 77e8 

  0x0000019b101bbd64: ; ImmutableOopMap {rbp=NarrowOop }
                      ;*invokevirtual write {reexecute=0 rethrow=0 return_oop=0}
                      ; - java.io.ObjectOutputStream$BlockDataOutputStream::writeBlockHeader@66 (line 1916)
                      ; - java.io.ObjectOutputStream$BlockDataOutputStream::drain@20 (line 1897)
                      ; - java.io.ObjectOutputStream$BlockDataOutputStream::write@42 (line 1870)
  0x0000019b101bbd64: 98bd a2ff 

  0x0000019b101bbd68: ;   {other}
  0x0000019b101bbd68: 0f1f 8400 | d814 0035 | baf6 ffff | ff41 8bea | 4489 4c24 | 2089 7424 | 2489 5c24 | 2866 6690 
  0x0000019b101bbd88: ;   {runtime_call UncommonTrapBlob}
  0x0000019b101bbd88: c5f8 77e8 

  0x0000019b101bbd8c: ; ImmutableOopMap {rbp=NarrowOop }
                      ;*invokestatic arraycopy {reexecute=0 rethrow=0 return_oop=0}
                      ; - net.jpountz.lz4.LZ4BlockOutputStream::write@92 (line 182)
                      ; - java.io.ObjectOutputStream$BlockDataOutputStream::writeBlockHeader@66 (line 1916)
                      ; - java.io.ObjectOutputStream$BlockDataOutputStream::drain@20 (line 1897)
                      ; - java.io.ObjectOutputStream$BlockDataOutputStream::write@42 (line 1870)
  0x0000019b101bbd8c: 70bd a2ff 

  0x0000019b101bbd90: ;   {other}
  0x0000019b101bbd90: 0f1f 8400 | 0015 0036 | baf6 ffff | ff41 8bea | 895c 2420 

  0x0000019b101bbda4: ;   {runtime_call UncommonTrapBlob}
  0x0000019b101bbda4: c5f8 77e8 

  0x0000019b101bbda8: ; ImmutableOopMap {rbp=NarrowOop }
                      ;*invokevirtual write {reexecute=0 rethrow=0 return_oop=0}
                      ; - java.io.ObjectOutputStream$BlockDataOutputStream::drain@36 (line 1899)
                      ; - java.io.ObjectOutputStream$BlockDataOutputStream::write@42 (line 1870)
  0x0000019b101bbda8: 54bd a2ff 

  0x0000019b101bbdac: ;   {other}
  0x0000019b101bbdac: 0f1f 8400 | 1c15 0037 | baf6 ffff | ff66 6690 

  0x0000019b101bbdbc: ;   {runtime_call UncommonTrapBlob}
  0x0000019b101bbdbc: c5f8 77e8 

  0x0000019b101bbdc0: ; ImmutableOopMap {}
                      ;*arraylength {reexecute=0 rethrow=0 return_oop=0}
                      ; - net.jpountz.util.SafeUtils::checkRange@6 (line 26)
                      ; - net.jpountz.util.SafeUtils::checkRange@10 (line 34)
                      ; - net.jpountz.lz4.LZ4BlockOutputStream::write@3 (line 171)
                      ; - java.io.ObjectOutputStream$BlockDataOutputStream::drain@36 (line 1899)
                      ; - java.io.ObjectOutputStream$BlockDataOutputStream::write@42 (line 1870)
  0x0000019b101bbdc0: 3cbd a2ff 

  0x0000019b101bbdc4: ;   {other}
  0x0000019b101bbdc4: 0f1f 8400 | 3415 0038 | baf6 ffff | ff41 8bea | 4489 5c24 | 2044 894c | 2424 895c | 2428 6690 
  0x0000019b101bbde4: ;   {runtime_call UncommonTrapBlob}
  0x0000019b101bbde4: c5f8 77e8 

  0x0000019b101bbde8: ; ImmutableOopMap {rbp=NarrowOop }
                      ;*invokestatic arraycopy {reexecute=0 rethrow=0 return_oop=0}
                      ; - net.jpountz.lz4.LZ4BlockOutputStream::write@92 (line 182)
                      ; - java.io.ObjectOutputStream$BlockDataOutputStream::drain@36 (line 1899)
                      ; - java.io.ObjectOutputStream$BlockDataOutputStream::write@42 (line 1870)
  0x0000019b101bbde8: 14bd a2ff 

  0x0000019b101bbdec: ;   {other}
  0x0000019b101bbdec: 0f1f 8400 | 5c15 0039 | babe ffff | ff48 8b6c | 2430 4489 | 4c24 2089 | 7c24 2890 

  0x0000019b101bbe08: ;   {runtime_call UncommonTrapBlob}
  0x0000019b101bbe08: c5f8 77e8 

  0x0000019b101bbe0c: ; ImmutableOopMap {rbp=Oop [72]=Oop }
                      ;*ifle {reexecute=1 rethrow=0 return_oop=0}
                      ; - (reexecute) java.io.ObjectOutputStream$BlockDataOutputStream::write@28 (line 1868)
  0x0000019b101bbe0c: f0bc a2ff 

  0x0000019b101bbe10: ;   {other}
  0x0000019b101bbe10: 0f1f 8400 | 8015 003a | eb00 488b | d0eb 0848 | 8bd0 eb03 | 488b d0c5 | f877 4881 | c4a0 0000 
  0x0000019b101bbe30: ;   {runtime_call _rethrow_Java}
  0x0000019b101bbe30: 005d e949 | d4af ffba | f6ff ffff | 8b6c 2454 | 8944 2424 

  0x0000019b101bbe44: ;   {runtime_call UncommonTrapBlob}
  0x0000019b101bbe44: c5f8 77e8 

  0x0000019b101bbe48: ; ImmutableOopMap {rbp=NarrowOop }
                      ;*invokestatic arraycopy {reexecute=0 rethrow=0 return_oop=0}
                      ; - net.jpountz.lz4.LZ4BlockOutputStream::write@53 (line 176)
                      ; - java.io.ObjectOutputStream$BlockDataOutputStream::writeBlockHeader@66 (line 1916)
                      ; - java.io.ObjectOutputStream$BlockDataOutputStream::write@68 (line 1874)
  0x0000019b101bbe48: b4bc a2ff 

  0x0000019b101bbe4c: ;   {other}
  0x0000019b101bbe4c: 0f1f 8400 | bc15 003b | baf6 ffff | ff44 894c | 2420 4489 | 5424 2444 | 895c 2428 

  0x0000019b101bbe68: ;   {runtime_call UncommonTrapBlob}
  0x0000019b101bbe68: c5f8 77e8 

  0x0000019b101bbe6c: ; ImmutableOopMap {[72]=Oop }
                      ;*invokestatic arraycopy {reexecute=0 rethrow=0 return_oop=0}
                      ; - net.jpountz.lz4.LZ4BlockOutputStream::write@53 (line 176)
                      ; - java.io.ObjectOutputStream$BlockDataOutputStream::write@80 (line 1875)
  0x0000019b101bbe6c: 90bc a2ff 

  0x0000019b101bbe70: ;   {other}
  0x0000019b101bbe70: 0f1f 8400 | e015 003c | baf6 ffff | ff8b 6c24 | 7c44 896c | 2420 8974 | 2424 6690 

  0x0000019b101bbe8c: ;   {runtime_call UncommonTrapBlob}
  0x0000019b101bbe8c: c5f8 77e8 

  0x0000019b101bbe90: ; ImmutableOopMap {rbp=NarrowOop }
                      ;*invokestatic arraycopy {reexecute=0 rethrow=0 return_oop=0}
                      ; - net.jpountz.lz4.LZ4BlockOutputStream::write@53 (line 176)
                      ; - java.io.ObjectOutputStream$BlockDataOutputStream::writeBlockHeader@66 (line 1916)
                      ; - java.io.ObjectOutputStream$BlockDataOutputStream::drain@20 (line 1897)
                      ; - java.io.ObjectOutputStream$BlockDataOutputStream::write@42 (line 1870)
  0x0000019b101bbe90: 6cbc a2ff 

  0x0000019b101bbe94: ;   {other}
  0x0000019b101bbe94: 0f1f 8400 | 0416 003d | baf6 ffff | ff8b 6c24 | 7c89 7424 | 2044 894c | 2424 6690 

  0x0000019b101bbeb0: ;   {runtime_call UncommonTrapBlob}
  0x0000019b101bbeb0: c5f8 77e8 

  0x0000019b101bbeb4: ; ImmutableOopMap {rbp=NarrowOop }
                      ;*invokestatic arraycopy {reexecute=0 rethrow=0 return_oop=0}
                      ; - net.jpountz.lz4.LZ4BlockOutputStream::write@53 (line 176)
                      ; - java.io.ObjectOutputStream$BlockDataOutputStream::drain@36 (line 1899)
                      ; - java.io.ObjectOutputStream$BlockDataOutputStream::write@42 (line 1870)
  0x0000019b101bbeb4: 48bc a2ff 

  0x0000019b101bbeb8: ;   {other}
  0x0000019b101bbeb8: 0f1f 8400 | 2816 003e 

  0x0000019b101bbec0: ;   {internal_word}
  0x0000019b101bbec0: 49ba b0b1 | 1b10 9b01 | 0000 4d89 | 9768 0400 

  0x0000019b101bbed0: ;   {runtime_call SafepointBlob}
  0x0000019b101bbed0: 00e9 aaaa 

  0x0000019b101bbed4: ;   {runtime_call StubRoutines (final stubs)}
  0x0000019b101bbed4: a2ff e8c5 | c3a0 ffe9 | 9eec ffff 
[Stub Code]
  0x0000019b101bbee0: ;   {no_reloc}
  0x0000019b101bbee0: 48bb 0000 | 0000 0000 

  0x0000019b101bbee8: ;   {runtime_call nmethod}
  0x0000019b101bbee8: 0000 e9fb 

  0x0000019b101bbeec: ;   {runtime_call ExceptionBlob}
  0x0000019b101bbeec: ffff ffe9 | 0c92 afff 
[Deopt Handler Code]
  0x0000019b101bbef4: e800 0000 | 0048 832c 

  0x0000019b101bbefc: ;   {runtime_call DeoptimizationBlob}
  0x0000019b101bbefc: 2405 e91d | bfa2 fff4 | f4f4 f4f4 
[/MachCode]


---------------  P R O C E S S  ---------------

Threads class SMR info:
_java_thread_list=0x0000019b618ba2b0, length=53, elements={
0x0000019b7d210630, 0x0000019b1968c9a0, 0x0000019b1968e120, 0x0000019b19691e40,
0x0000019b19694f10, 0x0000019b19695e00, 0x0000019b1969c300, 0x0000019b1969ec40,
0x0000019b196b0e90, 0x0000019b19990280, 0x0000019b1999c0b0, 0x0000019b60834a90,
0x0000019b197ea020, 0x0000019b60bbfc30, 0x0000019b6120c810, 0x0000019b603d4030,
0x0000019b5faf37c0, 0x0000019b6154ffb0, 0x0000019b6154e570, 0x0000019b6154ec00,
0x0000019b6154f290, 0x0000019b6154f920, 0x0000019b61550640, 0x0000019b61550cd0,
0x0000019b61551360, 0x0000019b6154dee0, 0x0000019b611d53f0, 0x0000019b611d5a80,
0x0000019b611d2c90, 0x0000019b611d4040, 0x0000019b611d3320, 0x0000019b611d39b0,
0x0000019b611d2600, 0x0000019b611d67a0, 0x0000019b611d6110, 0x0000019b611d6e30,
0x0000019b611d74c0, 0x0000019b611d46d0, 0x0000019b611d7b50, 0x0000019b611d81e0,
0x0000019b611d4d60, 0x0000019b611d8870, 0x0000019b611d8f00, 0x0000019b611d9590,
0x0000019b611d9c20, 0x0000019b609739d0, 0x0000019b60974060, 0x0000019b609746f0,
0x0000019b60975410, 0x0000019b609767c0, 0x0000019b60974d80, 0x0000019b60975aa0,
0x0000019b60976130
}

Java Threads: ( => current thread )
  0x0000019b7d210630 JavaThread "main"                              [_thread_in_native, id=28140, stack(0x0000008cacb00000,0x0000008cacc00000) (1024K)]
  0x0000019b1968c9a0 JavaThread "Reference Handler"          daemon [_thread_blocked, id=17724, stack(0x0000008cad300000,0x0000008cad400000) (1024K)]
  0x0000019b1968e120 JavaThread "Finalizer"                  daemon [_thread_blocked, id=18700, stack(0x0000008cad400000,0x0000008cad500000) (1024K)]
  0x0000019b19691e40 JavaThread "Signal Dispatcher"          daemon [_thread_blocked, id=2580, stack(0x0000008cad500000,0x0000008cad600000) (1024K)]
  0x0000019b19694f10 JavaThread "Attach Listener"            daemon [_thread_blocked, id=27280, stack(0x0000008cad600000,0x0000008cad700000) (1024K)]
  0x0000019b19695e00 JavaThread "Service Thread"             daemon [_thread_blocked, id=6360, stack(0x0000008cad700000,0x0000008cad800000) (1024K)]
  0x0000019b1969c300 JavaThread "Monitor Deflation Thread"   daemon [_thread_blocked, id=27024, stack(0x0000008cad800000,0x0000008cad900000) (1024K)]
  0x0000019b1969ec40 JavaThread "C2 CompilerThread0"         daemon [_thread_blocked, id=5296, stack(0x0000008cad900000,0x0000008cada00000) (1024K)]
  0x0000019b196b0e90 JavaThread "C1 CompilerThread0"         daemon [_thread_blocked, id=26608, stack(0x0000008cada00000,0x0000008cadb00000) (1024K)]
  0x0000019b19990280 JavaThread "Notification Thread"        daemon [_thread_blocked, id=27880, stack(0x0000008cadb00000,0x0000008cadc00000) (1024K)]
  0x0000019b1999c0b0 JavaThread "Common-Cleaner"             daemon [_thread_blocked, id=23360, stack(0x0000008cadc00000,0x0000008cadd00000) (1024K)]
  0x0000019b60834a90 JavaThread "org.apache.hadoop.fs.FileSystem$Statistics$StatisticsDataReferenceCleaner" daemon [_thread_blocked, id=26176, stack(0x0000008cae800000,0x0000008cae900000) (1024K)]
  0x0000019b197ea020 JavaThread "Thread-2"                          [_thread_in_native, id=1872, stack(0x0000008cae900000,0x0000008caea00000) (1024K)]
=>0x0000019b60bbfc30 JavaThread "Thread-3"                          [_thread_in_vm, id=7472, stack(0x0000008caea00000,0x0000008caeb00000) (1024K)]
  0x0000019b6120c810 JavaThread "Thread-4"                          [_thread_in_native, id=28664, stack(0x0000008caeb00000,0x0000008caec00000) (1024K)]
  0x0000019b603d4030 JavaThread "rpc-boss-3-1"               daemon [_thread_in_native, id=21816, stack(0x0000008caec00000,0x0000008caed00000) (1024K)]
  0x0000019b5faf37c0 JavaThread "dispatcher-event-loop-0"    daemon [_thread_blocked, id=1140, stack(0x0000008caed00000,0x0000008caee00000) (1024K)]
  0x0000019b6154ffb0 JavaThread "dispatcher-event-loop-1"    daemon [_thread_blocked, id=3060, stack(0x0000008caee00000,0x0000008caef00000) (1024K)]
  0x0000019b6154e570 JavaThread "map-output-dispatcher-0"    daemon [_thread_blocked, id=2704, stack(0x0000008caef00000,0x0000008caf000000) (1024K)]
  0x0000019b6154ec00 JavaThread "map-output-dispatcher-1"    daemon [_thread_blocked, id=7148, stack(0x0000008caf000000,0x0000008caf100000) (1024K)]
  0x0000019b6154f290 JavaThread "map-output-dispatcher-2"    daemon [_thread_blocked, id=11676, stack(0x0000008caf100000,0x0000008caf200000) (1024K)]
  0x0000019b6154f920 JavaThread "map-output-dispatcher-3"    daemon [_thread_blocked, id=7684, stack(0x0000008caf200000,0x0000008caf300000) (1024K)]
  0x0000019b61550640 JavaThread "map-output-dispatcher-4"    daemon [_thread_blocked, id=14296, stack(0x0000008caf300000,0x0000008caf400000) (1024K)]
  0x0000019b61550cd0 JavaThread "map-output-dispatcher-5"    daemon [_thread_blocked, id=10020, stack(0x0000008caf400000,0x0000008caf500000) (1024K)]
  0x0000019b61551360 JavaThread "map-output-dispatcher-6"    daemon [_thread_blocked, id=17188, stack(0x0000008caf500000,0x0000008caf600000) (1024K)]
  0x0000019b6154dee0 JavaThread "map-output-dispatcher-7"    daemon [_thread_blocked, id=15488, stack(0x0000008caf600000,0x0000008caf700000) (1024K)]
  0x0000019b611d53f0 JavaThread "dispatcher-BlockManagerMaster" daemon [_thread_blocked, id=19536, stack(0x0000008caf700000,0x0000008caf800000) (1024K)]
  0x0000019b611d5a80 JavaThread "dispatcher-BlockManagerEndpoint1" daemon [_thread_blocked, id=17244, stack(0x0000008caf800000,0x0000008caf900000) (1024K)]
  0x0000019b611d2c90 JavaThread "RemoteBlock-temp-file-clean-thread" daemon [_thread_blocked, id=27016, stack(0x0000008caf900000,0x0000008cafa00000) (1024K)]
  0x0000019b611d4040 JavaThread "refresh progress"           daemon [_thread_blocked, id=20080, stack(0x0000008cafa00000,0x0000008cafb00000) (1024K)]
  0x0000019b611d3320 JavaThread "SparkUI-54"                 daemon [_thread_in_native, id=28516, stack(0x0000008cafb00000,0x0000008cafc00000) (1024K)]
  0x0000019b611d39b0 JavaThread "SparkUI-55-acceptor-0@48be68c3-osjs.ServerConnector@46798fa4{HTTP/1.1, (http/1.1)}{0.0.0.0:4040}" daemon [_thread_in_native, id=6560, stack(0x0000008cafc00000,0x0000008cafd00000) (1024K)]
  0x0000019b611d2600 JavaThread "SparkUI-56"                 daemon [_thread_in_native, id=27976, stack(0x0000008cafd00000,0x0000008cafe00000) (1024K)]
  0x0000019b611d67a0 JavaThread "SparkUI-57"                 daemon [_thread_in_native, id=28012, stack(0x0000008cafe00000,0x0000008caff00000) (1024K)]
  0x0000019b611d6110 JavaThread "SparkUI-58"                 daemon [_thread_in_native, id=12532, stack(0x0000008caff00000,0x0000008cb0000000) (1024K)]
  0x0000019b611d6e30 JavaThread "SparkUI-59"                 daemon [_thread_in_native, id=3416, stack(0x0000008cb0000000,0x0000008cb0100000) (1024K)]
  0x0000019b611d74c0 JavaThread "SparkUI-60"                 daemon [_thread_in_native, id=25936, stack(0x0000008cb0100000,0x0000008cb0200000) (1024K)]
  0x0000019b611d46d0 JavaThread "SparkUI-61"                 daemon [_thread_blocked, id=21940, stack(0x0000008cb0200000,0x0000008cb0300000) (1024K)]
  0x0000019b611d7b50 JavaThread "dispatcher-HeartbeatReceiver" daemon [_thread_blocked, id=26712, stack(0x0000008cb0300000,0x0000008cb0400000) (1024K)]
  0x0000019b611d81e0 JavaThread "heartbeat-receiver-event-loop-thread" daemon [_thread_blocked, id=27896, stack(0x0000008cb0400000,0x0000008cb0500000) (1024K)]
  0x0000019b611d4d60 JavaThread "netty-rpc-env-timeout"      daemon [_thread_blocked, id=16860, stack(0x0000008cb0500000,0x0000008cb0600000) (1024K)]
  0x0000019b611d8870 JavaThread "dag-scheduler-event-loop"   daemon [_thread_blocked, id=24508, stack(0x0000008cb0600000,0x0000008cb0700000) (1024K)]
  0x0000019b611d8f00 JavaThread "driver-heartbeater"         daemon [_thread_blocked, id=26048, stack(0x0000008cb0700000,0x0000008cb0800000) (1024K)]
  0x0000019b611d9590 JavaThread "executor-kill-mark-cleanup" daemon [_thread_blocked, id=17428, stack(0x0000008cb0800000,0x0000008cb0900000) (1024K)]
  0x0000019b611d9c20 JavaThread "executor-heartbeater"       daemon [_thread_blocked, id=5100, stack(0x0000008cb0900000,0x0000008cb0a00000) (1024K)]
  0x0000019b609739d0 JavaThread "files-client-5-1"           daemon [_thread_in_native, id=16128, stack(0x0000008cb0a00000,0x0000008cb0b00000) (1024K)]
  0x0000019b60974060 JavaThread "rpc-server-4-1"             daemon [_thread_in_native, id=10540, stack(0x0000008cb0c00000,0x0000008cb0d00000) (1024K)]
  0x0000019b609746f0 JavaThread "shuffle-boss-7-1"           daemon [_thread_in_native, id=10012, stack(0x0000008cb0d00000,0x0000008cb0e00000) (1024K)]
  0x0000019b60975410 JavaThread "Spark Context Cleaner"      daemon [_thread_blocked, id=7176, stack(0x0000008cb0e00000,0x0000008cb0f00000) (1024K)]
  0x0000019b609767c0 JavaThread "context-cleaner-periodic-gc" daemon [_thread_blocked, id=27628, stack(0x0000008cb0f00000,0x0000008cb1000000) (1024K)]
  0x0000019b60974d80 JavaThread "spark-listener-group-appStatus" daemon [_thread_blocked, id=10308, stack(0x0000008cb1000000,0x0000008cb1100000) (1024K)]
  0x0000019b60975aa0 JavaThread "spark-listener-group-executorManagement" daemon [_thread_blocked, id=2404, stack(0x0000008cb1100000,0x0000008cb1200000) (1024K)]
  0x0000019b60976130 JavaThread "element-tracking-store-worker" daemon [_thread_blocked, id=644, stack(0x0000008cb1200000,0x0000008cb1300000) (1024K)]
Total: 53

Other Threads:
  0x0000019b1966f590 VMThread "VM Thread"                           [id=27672, stack(0x0000008cad200000,0x0000008cad300000) (1024K)]
  0x0000019b7f8ade90 WatcherThread "VM Periodic Task Thread"        [id=11960, stack(0x0000008cad100000,0x0000008cad200000) (1024K)]
  0x0000019b7d249f40 WorkerThread "GC Thread#0"                     [id=10620, stack(0x0000008cacc00000,0x0000008cacd00000) (1024K)]
  0x0000019b5f99cd10 WorkerThread "GC Thread#1"                     [id=20840, stack(0x0000008cadd00000,0x0000008cade00000) (1024K)]
  0x0000019b5f99d0c0 WorkerThread "GC Thread#2"                     [id=7320, stack(0x0000008cade00000,0x0000008cadf00000) (1024K)]
  0x0000019b5f99d470 WorkerThread "GC Thread#3"                     [id=28124, stack(0x0000008cadf00000,0x0000008cae000000) (1024K)]
  0x0000019b5f99dc20 WorkerThread "GC Thread#4"                     [id=9240, stack(0x0000008cae000000,0x0000008cae100000) (1024K)]
  0x0000019b6016ee70 WorkerThread "GC Thread#5"                     [id=23648, stack(0x0000008cae100000,0x0000008cae200000) (1024K)]
  0x0000019b6069c050 WorkerThread "GC Thread#6"                     [id=4584, stack(0x0000008cae200000,0x0000008cae300000) (1024K)]
  0x0000019b5fe561d0 WorkerThread "GC Thread#7"                     [id=17360, stack(0x0000008cae300000,0x0000008cae400000) (1024K)]
  0x0000019b197555a0 WorkerThread "GC Thread#8"                     [id=22908, stack(0x0000008cae400000,0x0000008cae500000) (1024K)]
  0x0000019b19755950 WorkerThread "GC Thread#9"                     [id=15692, stack(0x0000008cae500000,0x0000008cae600000) (1024K)]
  0x0000019b7d252e40 ConcurrentGCThread "G1 Main Marker"            [id=27168, stack(0x0000008cacd00000,0x0000008cace00000) (1024K)]
  0x0000019b7d2546e0 WorkerThread "G1 Conc#0"                       [id=27060, stack(0x0000008cace00000,0x0000008cacf00000) (1024K)]
  0x0000019b19755d00 WorkerThread "G1 Conc#1"                       [id=26396, stack(0x0000008cae600000,0x0000008cae700000) (1024K)]
  0x0000019b19754330 WorkerThread "G1 Conc#2"                       [id=10524, stack(0x0000008cae700000,0x0000008cae800000) (1024K)]
  0x0000019b7f780690 ConcurrentGCThread "G1 Refine#0"               [id=10488, stack(0x0000008cacf00000,0x0000008cad000000) (1024K)]
  0x0000019b7f782cf0 ConcurrentGCThread "G1 Service"                [id=22456, stack(0x0000008cad000000,0x0000008cad100000) (1024K)]
Total: 18

Threads with active compile tasks:
Total: 0

VM state: not at safepoint (normal execution)

VM Mutex/Monitor currently owned by a thread:  ([mutex/lock_event])
[0x00007ffff8eff670] Heap_lock - owner thread: 0x0000019b60bbfc30

Heap address: 0x00000000c0000000, size: 1024 MB, Compressed Oops mode: 32-bit

CDS archive(s) mapped at: [0x0000019b1a000000-0x0000019b1ac80000-0x0000019b1ac80000), size 13107200, SharedBaseAddress: 0x0000019b1a000000, ArchiveRelocationMode: 1.
Compressed class space mapped at: 0x0000019b1b000000-0x0000019b5b000000, reserved size: 1073741824
Narrow klass base: 0x0000019b1a000000, Narrow klass shift: 0, Narrow klass range: 0x100000000

GC Precious Log:
 CardTable entry size: 512
 Card Set container configuration: InlinePtr #cards 5 size 8 Array Of Cards #cards 12 size 40 Howl #buckets 4 coarsen threshold 1843 Howl Bitmap #cards 512 size 80 coarsen threshold 460 Card regions per heap region 1 cards per card region 2048
 CPUs: 12 total, 12 available
 Memory: 15599M
 Large Page Support: Disabled
 NUMA Support: Disabled
 Compressed Oops: Enabled (32-bit)
 Heap Region Size: 1M
 Heap Min Capacity: 8M
 Heap Initial Capacity: 244M
 Heap Max Capacity: 1G
 Pre-touch: Disabled
 Parallel Workers: 10
 Concurrent Workers: 3
 Concurrent Refinement Workers: 10
 Periodic GC: Disabled

Heap:
 garbage-first heap   total 220160K, used 209084K [0x00000000c0000000, 0x0000000100000000)
  region size 1024K, 6 young (6144K), 4 survivors (4096K)
 Metaspace       used 91365K, committed 92096K, reserved 1179648K
  class space    used 10717K, committed 11072K, reserved 1048576K

Heap Regions: E=young(eden), S=young(survivor), O=old, HS=humongous(starts), HC=humongous(continues), CS=collection set, F=free, TAMS=top-at-mark-start, PB=parsable bottom
|   0|0x00000000c0000000, 0x00000000c0100000, 0x00000000c0100000|100%|HS|  |TAMS 0x00000000c0000000| PB 0x00000000c0000000| Complete 
|   1|0x00000000c0100000, 0x00000000c0200000, 0x00000000c0200000|100%|HS|  |TAMS 0x00000000c0100000| PB 0x00000000c0100000| Complete 
|   2|0x00000000c0200000, 0x00000000c0300000, 0x00000000c0300000|100%|HC|  |TAMS 0x00000000c0200000| PB 0x00000000c0200000| Complete 
|   3|0x00000000c0300000, 0x00000000c0400000, 0x00000000c0400000|100%|HS|  |TAMS 0x00000000c0300000| PB 0x00000000c0300000| Complete 
|   4|0x00000000c0400000, 0x00000000c0500000, 0x00000000c0500000|100%|HC|  |TAMS 0x00000000c0400000| PB 0x00000000c0400000| Complete 
|   5|0x00000000c0500000, 0x00000000c0600000, 0x00000000c0600000|100%|HC|  |TAMS 0x00000000c0500000| PB 0x00000000c0500000| Complete 
|   6|0x00000000c0600000, 0x00000000c0700000, 0x00000000c0700000|100%|HS|  |TAMS 0x00000000c0600000| PB 0x00000000c0600000| Complete 
|   7|0x00000000c0700000, 0x00000000c0800000, 0x00000000c0800000|100%|HS|  |TAMS 0x00000000c0700000| PB 0x00000000c0700000| Complete 
|   8|0x00000000c0800000, 0x00000000c0900000, 0x00000000c0900000|100%|HS|  |TAMS 0x00000000c0800000| PB 0x00000000c0800000| Complete 
|   9|0x00000000c0900000, 0x00000000c0a00000, 0x00000000c0a00000|100%|HS|  |TAMS 0x00000000c0900000| PB 0x00000000c0900000| Complete 
|  10|0x00000000c0a00000, 0x00000000c0b00000, 0x00000000c0b00000|100%|HS|  |TAMS 0x00000000c0a00000| PB 0x00000000c0a00000| Complete 
|  11|0x00000000c0b00000, 0x00000000c0c00000, 0x00000000c0c00000|100%|HS|  |TAMS 0x00000000c0b00000| PB 0x00000000c0b00000| Complete 
|  12|0x00000000c0c00000, 0x00000000c0d00000, 0x00000000c0d00000|100%| O|  |TAMS 0x00000000c0c00000| PB 0x00000000c0c00000| Untracked 
|  13|0x00000000c0d00000, 0x00000000c0e00000, 0x00000000c0e00000|100%| O|  |TAMS 0x00000000c0d00000| PB 0x00000000c0d00000| Untracked 
|  14|0x00000000c0e00000, 0x00000000c0f00000, 0x00000000c0f00000|100%| O|  |TAMS 0x00000000c0e00000| PB 0x00000000c0e00000| Untracked 
|  15|0x00000000c0f00000, 0x00000000c1000000, 0x00000000c1000000|100%| O|  |TAMS 0x00000000c0f00000| PB 0x00000000c0f00000| Untracked 
|  16|0x00000000c1000000, 0x00000000c1100000, 0x00000000c1100000|100%| O|  |TAMS 0x00000000c1000000| PB 0x00000000c1000000| Untracked 
|  17|0x00000000c1100000, 0x00000000c1200000, 0x00000000c1200000|100%| O|  |TAMS 0x00000000c1100000| PB 0x00000000c1100000| Untracked 
|  18|0x00000000c1200000, 0x00000000c1300000, 0x00000000c1300000|100%| O|  |TAMS 0x00000000c1200000| PB 0x00000000c1200000| Untracked 
|  19|0x00000000c1300000, 0x00000000c1400000, 0x00000000c1400000|100%| O|  |TAMS 0x00000000c1300000| PB 0x00000000c1300000| Untracked 
|  20|0x00000000c1400000, 0x00000000c1500000, 0x00000000c1500000|100%|HS|  |TAMS 0x00000000c1400000| PB 0x00000000c1400000| Complete 
|  21|0x00000000c1500000, 0x00000000c1600000, 0x00000000c1600000|100%| O|  |TAMS 0x00000000c1500000| PB 0x00000000c1500000| Untracked 
|  22|0x00000000c1600000, 0x00000000c1700000, 0x00000000c1700000|100%| O|  |TAMS 0x00000000c1600000| PB 0x00000000c1600000| Untracked 
|  23|0x00000000c1700000, 0x00000000c1800000, 0x00000000c1800000|100%| O|  |TAMS 0x00000000c1700000| PB 0x00000000c1700000| Untracked 
|  24|0x00000000c1800000, 0x00000000c1900000, 0x00000000c1900000|100%| O|  |TAMS 0x00000000c1800000| PB 0x00000000c1800000| Untracked 
|  25|0x00000000c1900000, 0x00000000c1a00000, 0x00000000c1a00000|100%|HS|  |TAMS 0x00000000c1900000| PB 0x00000000c1900000| Complete 
|  26|0x00000000c1a00000, 0x00000000c1b00000, 0x00000000c1b00000|100%|HC|  |TAMS 0x00000000c1a00000| PB 0x00000000c1a00000| Complete 
|  27|0x00000000c1b00000, 0x00000000c1c00000, 0x00000000c1c00000|100%|HC|  |TAMS 0x00000000c1b00000| PB 0x00000000c1b00000| Complete 
|  28|0x00000000c1c00000, 0x00000000c1d00000, 0x00000000c1d00000|100%|HS|  |TAMS 0x00000000c1c00000| PB 0x00000000c1c00000| Complete 
|  29|0x00000000c1d00000, 0x00000000c1e00000, 0x00000000c1e00000|100%|HC|  |TAMS 0x00000000c1d00000| PB 0x00000000c1d00000| Complete 
|  30|0x00000000c1e00000, 0x00000000c1f00000, 0x00000000c1f00000|100%| O|  |TAMS 0x00000000c1e00000| PB 0x00000000c1e00000| Untracked 
|  31|0x00000000c1f00000, 0x00000000c2000000, 0x00000000c2000000|100%| O|  |TAMS 0x00000000c1f00000| PB 0x00000000c1f00000| Untracked 
|  32|0x00000000c2000000, 0x00000000c2100000, 0x00000000c2100000|100%| O|  |TAMS 0x00000000c2000000| PB 0x00000000c2000000| Untracked 
|  33|0x00000000c2100000, 0x00000000c2200000, 0x00000000c2200000|100%| O|  |TAMS 0x00000000c2100000| PB 0x00000000c2100000| Untracked 
|  34|0x00000000c2200000, 0x00000000c2300000, 0x00000000c2300000|100%| O|  |TAMS 0x00000000c2200000| PB 0x00000000c2200000| Untracked 
|  35|0x00000000c2300000, 0x00000000c2400000, 0x00000000c2400000|100%| O|  |TAMS 0x00000000c2300000| PB 0x00000000c2300000| Untracked 
|  36|0x00000000c2400000, 0x00000000c2500000, 0x00000000c2500000|100%| O|  |TAMS 0x00000000c2400000| PB 0x00000000c2400000| Untracked 
|  37|0x00000000c2500000, 0x00000000c2600000, 0x00000000c2600000|100%| O|  |TAMS 0x00000000c2500000| PB 0x00000000c2500000| Untracked 
|  38|0x00000000c2600000, 0x00000000c2700000, 0x00000000c2700000|100%| O|  |TAMS 0x00000000c2600000| PB 0x00000000c2600000| Untracked 
|  39|0x00000000c2700000, 0x00000000c2800000, 0x00000000c2800000|100%|HS|  |TAMS 0x00000000c2700000| PB 0x00000000c2700000| Complete 
|  40|0x00000000c2800000, 0x00000000c2900000, 0x00000000c2900000|100%| O|  |TAMS 0x00000000c2800000| PB 0x00000000c2800000| Untracked 
|  41|0x00000000c2900000, 0x00000000c2a00000, 0x00000000c2a00000|100%| O|  |TAMS 0x00000000c2900000| PB 0x00000000c2900000| Untracked 
|  42|0x00000000c2a00000, 0x00000000c2b00000, 0x00000000c2b00000|100%| O|  |TAMS 0x00000000c2a00000| PB 0x00000000c2a00000| Untracked 
|  43|0x00000000c2b00000, 0x00000000c2c00000, 0x00000000c2c00000|100%| O|  |TAMS 0x00000000c2b00000| PB 0x00000000c2b00000| Untracked 
|  44|0x00000000c2c00000, 0x00000000c2d00000, 0x00000000c2d00000|100%| O|  |TAMS 0x00000000c2c00000| PB 0x00000000c2c00000| Untracked 
|  45|0x00000000c2d00000, 0x00000000c2e00000, 0x00000000c2e00000|100%| O|  |TAMS 0x00000000c2d00000| PB 0x00000000c2d00000| Untracked 
|  46|0x00000000c2e00000, 0x00000000c2f00000, 0x00000000c2f00000|100%| O|  |TAMS 0x00000000c2e00000| PB 0x00000000c2e00000| Untracked 
|  47|0x00000000c2f00000, 0x00000000c3000000, 0x00000000c3000000|100%| O|  |TAMS 0x00000000c2f00000| PB 0x00000000c2f00000| Untracked 
|  48|0x00000000c3000000, 0x00000000c3100000, 0x00000000c3100000|100%| O|  |TAMS 0x00000000c3000000| PB 0x00000000c3000000| Untracked 
|  49|0x00000000c3100000, 0x00000000c3200000, 0x00000000c3200000|100%| O|  |TAMS 0x00000000c3100000| PB 0x00000000c3100000| Untracked 
|  50|0x00000000c3200000, 0x00000000c3300000, 0x00000000c3300000|100%| O|  |TAMS 0x00000000c3200000| PB 0x00000000c3200000| Untracked 
|  51|0x00000000c3300000, 0x00000000c3400000, 0x00000000c3400000|100%| O|  |TAMS 0x00000000c3300000| PB 0x00000000c3300000| Untracked 
|  52|0x00000000c3400000, 0x00000000c3500000, 0x00000000c3500000|100%| O|  |TAMS 0x00000000c3400000| PB 0x00000000c3400000| Untracked 
|  53|0x00000000c3500000, 0x00000000c3600000, 0x00000000c3600000|100%| O|  |TAMS 0x00000000c3500000| PB 0x00000000c3500000| Untracked 
|  54|0x00000000c3600000, 0x00000000c3700000, 0x00000000c3700000|100%| O|  |TAMS 0x00000000c3600000| PB 0x00000000c3600000| Untracked 
|  55|0x00000000c3700000, 0x00000000c3800000, 0x00000000c3800000|100%| O|  |TAMS 0x00000000c3700000| PB 0x00000000c3700000| Untracked 
|  56|0x00000000c3800000, 0x00000000c3900000, 0x00000000c3900000|100%| O|  |TAMS 0x00000000c3800000| PB 0x00000000c3800000| Untracked 
|  57|0x00000000c3900000, 0x00000000c3a00000, 0x00000000c3a00000|100%| O|  |TAMS 0x00000000c3900000| PB 0x00000000c3900000| Untracked 
|  58|0x00000000c3a00000, 0x00000000c3a763a0, 0x00000000c3b00000| 46%| O|  |TAMS 0x00000000c3a00000| PB 0x00000000c3a00000| Untracked 
|  59|0x00000000c3b00000, 0x00000000c3b00000, 0x00000000c3c00000|  0%| F|  |TAMS 0x00000000c3b00000| PB 0x00000000c3b00000| Untracked 
|  60|0x00000000c3c00000, 0x00000000c3c00000, 0x00000000c3d00000|  0%| F|  |TAMS 0x00000000c3c00000| PB 0x00000000c3c00000| Untracked 
|  61|0x00000000c3d00000, 0x00000000c3d00000, 0x00000000c3e00000|  0%| F|  |TAMS 0x00000000c3d00000| PB 0x00000000c3d00000| Untracked 
|  62|0x00000000c3e00000, 0x00000000c3f00000, 0x00000000c3f00000|100%| O|Cm|TAMS 0x00000000c3e00000| PB 0x00000000c3e00000| Complete 
|  63|0x00000000c3f00000, 0x00000000c4000000, 0x00000000c4000000|100%|HS|  |TAMS 0x00000000c3f00000| PB 0x00000000c3f00000| Complete 
|  64|0x00000000c4000000, 0x00000000c4100000, 0x00000000c4100000|100%|HC|  |TAMS 0x00000000c4000000| PB 0x00000000c4000000| Complete 
|  65|0x00000000c4100000, 0x00000000c4200000, 0x00000000c4200000|100%|HC|  |TAMS 0x00000000c4100000| PB 0x00000000c4100000| Complete 
|  66|0x00000000c4200000, 0x00000000c4300000, 0x00000000c4300000|100%|HC|  |TAMS 0x00000000c4200000| PB 0x00000000c4200000| Complete 
|  67|0x00000000c4300000, 0x00000000c4400000, 0x00000000c4400000|100%|HC|  |TAMS 0x00000000c4300000| PB 0x00000000c4300000| Complete 
|  68|0x00000000c4400000, 0x00000000c4500000, 0x00000000c4500000|100%|HS|  |TAMS 0x00000000c4400000| PB 0x00000000c4400000| Complete 
|  69|0x00000000c4500000, 0x00000000c4600000, 0x00000000c4600000|100%|HC|  |TAMS 0x00000000c4500000| PB 0x00000000c4500000| Complete 
|  70|0x00000000c4600000, 0x00000000c4700000, 0x00000000c4700000|100%|HC|  |TAMS 0x00000000c4600000| PB 0x00000000c4600000| Complete 
|  71|0x00000000c4700000, 0x00000000c4800000, 0x00000000c4800000|100%|HC|  |TAMS 0x00000000c4700000| PB 0x00000000c4700000| Complete 
|  72|0x00000000c4800000, 0x00000000c4900000, 0x00000000c4900000|100%|HC|  |TAMS 0x00000000c4800000| PB 0x00000000c4800000| Complete 
|  73|0x00000000c4900000, 0x00000000c4a00000, 0x00000000c4a00000|100%|HS|  |TAMS 0x00000000c4900000| PB 0x00000000c4900000| Complete 
|  74|0x00000000c4a00000, 0x00000000c4b00000, 0x00000000c4b00000|100%|HC|  |TAMS 0x00000000c4a00000| PB 0x00000000c4a00000| Complete 
|  75|0x00000000c4b00000, 0x00000000c4c00000, 0x00000000c4c00000|100%|HC|  |TAMS 0x00000000c4b00000| PB 0x00000000c4b00000| Complete 
|  76|0x00000000c4c00000, 0x00000000c4d00000, 0x00000000c4d00000|100%|HC|  |TAMS 0x00000000c4c00000| PB 0x00000000c4c00000| Complete 
|  77|0x00000000c4d00000, 0x00000000c4e00000, 0x00000000c4e00000|100%|HC|  |TAMS 0x00000000c4d00000| PB 0x00000000c4d00000| Complete 
|  78|0x00000000c4e00000, 0x00000000c4e00000, 0x00000000c4f00000|  0%| F|  |TAMS 0x00000000c4e00000| PB 0x00000000c4e00000| Untracked 
|  79|0x00000000c4f00000, 0x00000000c4f00000, 0x00000000c5000000|  0%| F|  |TAMS 0x00000000c4f00000| PB 0x00000000c4f00000| Untracked 
|  80|0x00000000c5000000, 0x00000000c5062480, 0x00000000c5100000| 38%| S|CS|TAMS 0x00000000c5000000| PB 0x00000000c5000000| Complete 
|  81|0x00000000c5100000, 0x00000000c5200000, 0x00000000c5200000|100%| S|CS|TAMS 0x00000000c5100000| PB 0x00000000c5100000| Complete 
|  82|0x00000000c5200000, 0x00000000c5300000, 0x00000000c5300000|100%| S|CS|TAMS 0x00000000c5200000| PB 0x00000000c5200000| Complete 
|  83|0x00000000c5300000, 0x00000000c5400000, 0x00000000c5400000|100%| S|CS|TAMS 0x00000000c5300000| PB 0x00000000c5300000| Complete 
|  84|0x00000000c5400000, 0x00000000c5500000, 0x00000000c5500000|100%|HS|  |TAMS 0x00000000c5400000| PB 0x00000000c5400000| Complete 
|  85|0x00000000c5500000, 0x00000000c5600000, 0x00000000c5600000|100%|HC|  |TAMS 0x00000000c5500000| PB 0x00000000c5500000| Complete 
|  86|0x00000000c5600000, 0x00000000c5700000, 0x00000000c5700000|100%|HC|  |TAMS 0x00000000c5600000| PB 0x00000000c5600000| Complete 
|  87|0x00000000c5700000, 0x00000000c5800000, 0x00000000c5800000|100%|HC|  |TAMS 0x00000000c5700000| PB 0x00000000c5700000| Complete 
|  88|0x00000000c5800000, 0x00000000c5900000, 0x00000000c5900000|100%|HC|  |TAMS 0x00000000c5800000| PB 0x00000000c5800000| Complete 
|  89|0x00000000c5900000, 0x00000000c5a00000, 0x00000000c5a00000|100%|HS|  |TAMS 0x00000000c5900000| PB 0x00000000c5900000| Complete 
|  90|0x00000000c5a00000, 0x00000000c5b00000, 0x00000000c5b00000|100%|HC|  |TAMS 0x00000000c5a00000| PB 0x00000000c5a00000| Complete 
|  91|0x00000000c5b00000, 0x00000000c5c00000, 0x00000000c5c00000|100%|HC|  |TAMS 0x00000000c5b00000| PB 0x00000000c5b00000| Complete 
|  92|0x00000000c5c00000, 0x00000000c5d00000, 0x00000000c5d00000|100%|HC|  |TAMS 0x00000000c5c00000| PB 0x00000000c5c00000| Complete 
|  93|0x00000000c5d00000, 0x00000000c5e00000, 0x00000000c5e00000|100%|HC|  |TAMS 0x00000000c5d00000| PB 0x00000000c5d00000| Complete 
|  94|0x00000000c5e00000, 0x00000000c5f00000, 0x00000000c5f00000|100%|HS|  |TAMS 0x00000000c5e00000| PB 0x00000000c5e00000| Complete 
|  95|0x00000000c5f00000, 0x00000000c6000000, 0x00000000c6000000|100%|HC|  |TAMS 0x00000000c5f00000| PB 0x00000000c5f00000| Complete 
|  96|0x00000000c6000000, 0x00000000c6100000, 0x00000000c6100000|100%|HC|  |TAMS 0x00000000c6000000| PB 0x00000000c6000000| Complete 
|  97|0x00000000c6100000, 0x00000000c6200000, 0x00000000c6200000|100%|HC|  |TAMS 0x00000000c6100000| PB 0x00000000c6100000| Complete 
|  98|0x00000000c6200000, 0x00000000c6300000, 0x00000000c6300000|100%|HC|  |TAMS 0x00000000c6200000| PB 0x00000000c6200000| Complete 
|  99|0x00000000c6300000, 0x00000000c6400000, 0x00000000c6400000|100%|HS|  |TAMS 0x00000000c6300000| PB 0x00000000c6300000| Complete 
| 100|0x00000000c6400000, 0x00000000c6500000, 0x00000000c6500000|100%|HC|  |TAMS 0x00000000c6400000| PB 0x00000000c6400000| Complete 
| 101|0x00000000c6500000, 0x00000000c6600000, 0x00000000c6600000|100%|HC|  |TAMS 0x00000000c6500000| PB 0x00000000c6500000| Complete 
| 102|0x00000000c6600000, 0x00000000c6700000, 0x00000000c6700000|100%|HC|  |TAMS 0x00000000c6600000| PB 0x00000000c6600000| Complete 
| 103|0x00000000c6700000, 0x00000000c6800000, 0x00000000c6800000|100%|HC|  |TAMS 0x00000000c6700000| PB 0x00000000c6700000| Complete 
| 104|0x00000000c6800000, 0x00000000c6900000, 0x00000000c6900000|100%|HS|  |TAMS 0x00000000c6800000| PB 0x00000000c6800000| Complete 
| 105|0x00000000c6900000, 0x00000000c6a00000, 0x00000000c6a00000|100%|HC|  |TAMS 0x00000000c6900000| PB 0x00000000c6900000| Complete 
| 106|0x00000000c6a00000, 0x00000000c6b00000, 0x00000000c6b00000|100%|HC|  |TAMS 0x00000000c6a00000| PB 0x00000000c6a00000| Complete 
| 107|0x00000000c6b00000, 0x00000000c6c00000, 0x00000000c6c00000|100%|HC|  |TAMS 0x00000000c6b00000| PB 0x00000000c6b00000| Complete 
| 108|0x00000000c6c00000, 0x00000000c6d00000, 0x00000000c6d00000|100%|HC|  |TAMS 0x00000000c6c00000| PB 0x00000000c6c00000| Complete 
| 109|0x00000000c6d00000, 0x00000000c6e00000, 0x00000000c6e00000|100%|HS|  |TAMS 0x00000000c6d00000| PB 0x00000000c6d00000| Complete 
| 110|0x00000000c6e00000, 0x00000000c6f00000, 0x00000000c6f00000|100%|HC|  |TAMS 0x00000000c6e00000| PB 0x00000000c6e00000| Complete 
| 111|0x00000000c6f00000, 0x00000000c7000000, 0x00000000c7000000|100%|HC|  |TAMS 0x00000000c6f00000| PB 0x00000000c6f00000| Complete 
| 112|0x00000000c7000000, 0x00000000c7100000, 0x00000000c7100000|100%|HC|  |TAMS 0x00000000c7000000| PB 0x00000000c7000000| Complete 
| 113|0x00000000c7100000, 0x00000000c7200000, 0x00000000c7200000|100%|HC|  |TAMS 0x00000000c7100000| PB 0x00000000c7100000| Complete 
| 114|0x00000000c7200000, 0x00000000c7300000, 0x00000000c7300000|100%|HS|  |TAMS 0x00000000c7200000| PB 0x00000000c7200000| Complete 
| 115|0x00000000c7300000, 0x00000000c7400000, 0x00000000c7400000|100%|HC|  |TAMS 0x00000000c7300000| PB 0x00000000c7300000| Complete 
| 116|0x00000000c7400000, 0x00000000c7500000, 0x00000000c7500000|100%|HC|  |TAMS 0x00000000c7400000| PB 0x00000000c7400000| Complete 
| 117|0x00000000c7500000, 0x00000000c7600000, 0x00000000c7600000|100%|HC|  |TAMS 0x00000000c7500000| PB 0x00000000c7500000| Complete 
| 118|0x00000000c7600000, 0x00000000c7700000, 0x00000000c7700000|100%|HC|  |TAMS 0x00000000c7600000| PB 0x00000000c7600000| Complete 
| 119|0x00000000c7700000, 0x00000000c7800000, 0x00000000c7800000|100%|HS|  |TAMS 0x00000000c7700000| PB 0x00000000c7700000| Complete 
| 120|0x00000000c7800000, 0x00000000c7900000, 0x00000000c7900000|100%|HC|  |TAMS 0x00000000c7800000| PB 0x00000000c7800000| Complete 
| 121|0x00000000c7900000, 0x00000000c7a00000, 0x00000000c7a00000|100%|HC|  |TAMS 0x00000000c7900000| PB 0x00000000c7900000| Complete 
| 122|0x00000000c7a00000, 0x00000000c7b00000, 0x00000000c7b00000|100%|HC|  |TAMS 0x00000000c7a00000| PB 0x00000000c7a00000| Complete 
| 123|0x00000000c7b00000, 0x00000000c7c00000, 0x00000000c7c00000|100%|HC|  |TAMS 0x00000000c7b00000| PB 0x00000000c7b00000| Complete 
| 124|0x00000000c7c00000, 0x00000000c7d00000, 0x00000000c7d00000|100%|HS|  |TAMS 0x00000000c7c00000| PB 0x00000000c7c00000| Complete 
| 125|0x00000000c7d00000, 0x00000000c7e00000, 0x00000000c7e00000|100%|HC|  |TAMS 0x00000000c7d00000| PB 0x00000000c7d00000| Complete 
| 126|0x00000000c7e00000, 0x00000000c7f00000, 0x00000000c7f00000|100%|HC|  |TAMS 0x00000000c7e00000| PB 0x00000000c7e00000| Complete 
| 127|0x00000000c7f00000, 0x00000000c8000000, 0x00000000c8000000|100%|HC|  |TAMS 0x00000000c7f00000| PB 0x00000000c7f00000| Complete 
| 128|0x00000000c8000000, 0x00000000c8100000, 0x00000000c8100000|100%|HC|  |TAMS 0x00000000c8000000| PB 0x00000000c8000000| Complete 
| 129|0x00000000c8100000, 0x00000000c8200000, 0x00000000c8200000|100%|HS|  |TAMS 0x00000000c8100000| PB 0x00000000c8100000| Complete 
| 130|0x00000000c8200000, 0x00000000c8300000, 0x00000000c8300000|100%|HC|  |TAMS 0x00000000c8200000| PB 0x00000000c8200000| Complete 
| 131|0x00000000c8300000, 0x00000000c8400000, 0x00000000c8400000|100%|HC|  |TAMS 0x00000000c8300000| PB 0x00000000c8300000| Complete 
| 132|0x00000000c8400000, 0x00000000c8500000, 0x00000000c8500000|100%|HC|  |TAMS 0x00000000c8400000| PB 0x00000000c8400000| Complete 
| 133|0x00000000c8500000, 0x00000000c8600000, 0x00000000c8600000|100%|HC|  |TAMS 0x00000000c8500000| PB 0x00000000c8500000| Complete 
| 134|0x00000000c8600000, 0x00000000c8700000, 0x00000000c8700000|100%|HS|  |TAMS 0x00000000c8600000| PB 0x00000000c8600000| Complete 
| 135|0x00000000c8700000, 0x00000000c8800000, 0x00000000c8800000|100%|HC|  |TAMS 0x00000000c8700000| PB 0x00000000c8700000| Complete 
| 136|0x00000000c8800000, 0x00000000c8900000, 0x00000000c8900000|100%|HC|  |TAMS 0x00000000c8800000| PB 0x00000000c8800000| Complete 
| 137|0x00000000c8900000, 0x00000000c8a00000, 0x00000000c8a00000|100%|HC|  |TAMS 0x00000000c8900000| PB 0x00000000c8900000| Complete 
| 138|0x00000000c8a00000, 0x00000000c8b00000, 0x00000000c8b00000|100%|HC|  |TAMS 0x00000000c8a00000| PB 0x00000000c8a00000| Complete 
| 139|0x00000000c8b00000, 0x00000000c8c00000, 0x00000000c8c00000|100%|HS|  |TAMS 0x00000000c8b00000| PB 0x00000000c8b00000| Complete 
| 140|0x00000000c8c00000, 0x00000000c8d00000, 0x00000000c8d00000|100%|HC|  |TAMS 0x00000000c8c00000| PB 0x00000000c8c00000| Complete 
| 141|0x00000000c8d00000, 0x00000000c8e00000, 0x00000000c8e00000|100%|HC|  |TAMS 0x00000000c8d00000| PB 0x00000000c8d00000| Complete 
| 142|0x00000000c8e00000, 0x00000000c8f00000, 0x00000000c8f00000|100%|HC|  |TAMS 0x00000000c8e00000| PB 0x00000000c8e00000| Complete 
| 143|0x00000000c8f00000, 0x00000000c9000000, 0x00000000c9000000|100%|HC|  |TAMS 0x00000000c8f00000| PB 0x00000000c8f00000| Complete 
| 144|0x00000000c9000000, 0x00000000c9100000, 0x00000000c9100000|100%|HS|  |TAMS 0x00000000c9000000| PB 0x00000000c9000000| Complete 
| 145|0x00000000c9100000, 0x00000000c9200000, 0x00000000c9200000|100%|HC|  |TAMS 0x00000000c9100000| PB 0x00000000c9100000| Complete 
| 146|0x00000000c9200000, 0x00000000c9300000, 0x00000000c9300000|100%|HC|  |TAMS 0x00000000c9200000| PB 0x00000000c9200000| Complete 
| 147|0x00000000c9300000, 0x00000000c9400000, 0x00000000c9400000|100%|HC|  |TAMS 0x00000000c9300000| PB 0x00000000c9300000| Complete 
| 148|0x00000000c9400000, 0x00000000c9500000, 0x00000000c9500000|100%|HC|  |TAMS 0x00000000c9400000| PB 0x00000000c9400000| Complete 
| 149|0x00000000c9500000, 0x00000000c9600000, 0x00000000c9600000|100%|HS|  |TAMS 0x00000000c9500000| PB 0x00000000c9500000| Complete 
| 150|0x00000000c9600000, 0x00000000c9700000, 0x00000000c9700000|100%|HC|  |TAMS 0x00000000c9600000| PB 0x00000000c9600000| Complete 
| 151|0x00000000c9700000, 0x00000000c9800000, 0x00000000c9800000|100%|HC|  |TAMS 0x00000000c9700000| PB 0x00000000c9700000| Complete 
| 152|0x00000000c9800000, 0x00000000c9900000, 0x00000000c9900000|100%|HC|  |TAMS 0x00000000c9800000| PB 0x00000000c9800000| Complete 
| 153|0x00000000c9900000, 0x00000000c9a00000, 0x00000000c9a00000|100%|HC|  |TAMS 0x00000000c9900000| PB 0x00000000c9900000| Complete 
| 154|0x00000000c9a00000, 0x00000000c9b00000, 0x00000000c9b00000|100%|HS|  |TAMS 0x00000000c9a00000| PB 0x00000000c9a00000| Complete 
| 155|0x00000000c9b00000, 0x00000000c9c00000, 0x00000000c9c00000|100%|HC|  |TAMS 0x00000000c9b00000| PB 0x00000000c9b00000| Complete 
| 156|0x00000000c9c00000, 0x00000000c9d00000, 0x00000000c9d00000|100%|HC|  |TAMS 0x00000000c9c00000| PB 0x00000000c9c00000| Complete 
| 157|0x00000000c9d00000, 0x00000000c9e00000, 0x00000000c9e00000|100%|HC|  |TAMS 0x00000000c9d00000| PB 0x00000000c9d00000| Complete 
| 158|0x00000000c9e00000, 0x00000000c9f00000, 0x00000000c9f00000|100%|HC|  |TAMS 0x00000000c9e00000| PB 0x00000000c9e00000| Complete 
| 159|0x00000000c9f00000, 0x00000000ca000000, 0x00000000ca000000|100%|HS|  |TAMS 0x00000000c9f00000| PB 0x00000000c9f00000| Complete 
| 160|0x00000000ca000000, 0x00000000ca100000, 0x00000000ca100000|100%|HC|  |TAMS 0x00000000ca000000| PB 0x00000000ca000000| Complete 
| 161|0x00000000ca100000, 0x00000000ca200000, 0x00000000ca200000|100%|HC|  |TAMS 0x00000000ca100000| PB 0x00000000ca100000| Complete 
| 162|0x00000000ca200000, 0x00000000ca300000, 0x00000000ca300000|100%|HC|  |TAMS 0x00000000ca200000| PB 0x00000000ca200000| Complete 
| 163|0x00000000ca300000, 0x00000000ca400000, 0x00000000ca400000|100%|HC|  |TAMS 0x00000000ca300000| PB 0x00000000ca300000| Complete 
| 164|0x00000000ca400000, 0x00000000ca500000, 0x00000000ca500000|100%|HS|  |TAMS 0x00000000ca400000| PB 0x00000000ca400000| Complete 
| 165|0x00000000ca500000, 0x00000000ca600000, 0x00000000ca600000|100%|HC|  |TAMS 0x00000000ca500000| PB 0x00000000ca500000| Complete 
| 166|0x00000000ca600000, 0x00000000ca700000, 0x00000000ca700000|100%|HC|  |TAMS 0x00000000ca600000| PB 0x00000000ca600000| Complete 
| 167|0x00000000ca700000, 0x00000000ca800000, 0x00000000ca800000|100%|HC|  |TAMS 0x00000000ca700000| PB 0x00000000ca700000| Complete 
| 168|0x00000000ca800000, 0x00000000ca900000, 0x00000000ca900000|100%|HC|  |TAMS 0x00000000ca800000| PB 0x00000000ca800000| Complete 
| 169|0x00000000ca900000, 0x00000000caa00000, 0x00000000caa00000|100%|HS|  |TAMS 0x00000000ca900000| PB 0x00000000ca900000| Complete 
| 170|0x00000000caa00000, 0x00000000cab00000, 0x00000000cab00000|100%|HC|  |TAMS 0x00000000caa00000| PB 0x00000000caa00000| Complete 
| 171|0x00000000cab00000, 0x00000000cac00000, 0x00000000cac00000|100%|HC|  |TAMS 0x00000000cab00000| PB 0x00000000cab00000| Complete 
| 172|0x00000000cac00000, 0x00000000cad00000, 0x00000000cad00000|100%|HC|  |TAMS 0x00000000cac00000| PB 0x00000000cac00000| Complete 
| 173|0x00000000cad00000, 0x00000000cae00000, 0x00000000cae00000|100%|HC|  |TAMS 0x00000000cad00000| PB 0x00000000cad00000| Complete 
| 174|0x00000000cae00000, 0x00000000caf00000, 0x00000000caf00000|100%|HS|  |TAMS 0x00000000cae00000| PB 0x00000000cae00000| Complete 
| 175|0x00000000caf00000, 0x00000000cb000000, 0x00000000cb000000|100%|HC|  |TAMS 0x00000000caf00000| PB 0x00000000caf00000| Complete 
| 176|0x00000000cb000000, 0x00000000cb100000, 0x00000000cb100000|100%|HC|  |TAMS 0x00000000cb000000| PB 0x00000000cb000000| Complete 
| 177|0x00000000cb100000, 0x00000000cb200000, 0x00000000cb200000|100%|HC|  |TAMS 0x00000000cb100000| PB 0x00000000cb100000| Complete 
| 178|0x00000000cb200000, 0x00000000cb300000, 0x00000000cb300000|100%|HC|  |TAMS 0x00000000cb200000| PB 0x00000000cb200000| Complete 
| 179|0x00000000cb300000, 0x00000000cb400000, 0x00000000cb400000|100%|HS|  |TAMS 0x00000000cb300000| PB 0x00000000cb300000| Complete 
| 180|0x00000000cb400000, 0x00000000cb500000, 0x00000000cb500000|100%|HC|  |TAMS 0x00000000cb400000| PB 0x00000000cb400000| Complete 
| 181|0x00000000cb500000, 0x00000000cb600000, 0x00000000cb600000|100%|HC|  |TAMS 0x00000000cb500000| PB 0x00000000cb500000| Complete 
| 182|0x00000000cb600000, 0x00000000cb700000, 0x00000000cb700000|100%|HC|  |TAMS 0x00000000cb600000| PB 0x00000000cb600000| Complete 
| 183|0x00000000cb700000, 0x00000000cb800000, 0x00000000cb800000|100%|HC|  |TAMS 0x00000000cb700000| PB 0x00000000cb700000| Complete 
| 184|0x00000000cb800000, 0x00000000cb900000, 0x00000000cb900000|100%|HS|  |TAMS 0x00000000cb800000| PB 0x00000000cb800000| Complete 
| 185|0x00000000cb900000, 0x00000000cba00000, 0x00000000cba00000|100%|HC|  |TAMS 0x00000000cb900000| PB 0x00000000cb900000| Complete 
| 186|0x00000000cba00000, 0x00000000cbb00000, 0x00000000cbb00000|100%|HC|  |TAMS 0x00000000cba00000| PB 0x00000000cba00000| Complete 
| 187|0x00000000cbb00000, 0x00000000cbc00000, 0x00000000cbc00000|100%|HC|  |TAMS 0x00000000cbb00000| PB 0x00000000cbb00000| Complete 
| 188|0x00000000cbc00000, 0x00000000cbd00000, 0x00000000cbd00000|100%|HC|  |TAMS 0x00000000cbc00000| PB 0x00000000cbc00000| Complete 
| 189|0x00000000cbd00000, 0x00000000cbe00000, 0x00000000cbe00000|100%|HS|  |TAMS 0x00000000cbd00000| PB 0x00000000cbd00000| Complete 
| 190|0x00000000cbe00000, 0x00000000cbf00000, 0x00000000cbf00000|100%|HC|  |TAMS 0x00000000cbe00000| PB 0x00000000cbe00000| Complete 
| 191|0x00000000cbf00000, 0x00000000cc000000, 0x00000000cc000000|100%|HC|  |TAMS 0x00000000cbf00000| PB 0x00000000cbf00000| Complete 
| 192|0x00000000cc000000, 0x00000000cc100000, 0x00000000cc100000|100%|HC|  |TAMS 0x00000000cc000000| PB 0x00000000cc000000| Complete 
| 193|0x00000000cc100000, 0x00000000cc200000, 0x00000000cc200000|100%|HC|  |TAMS 0x00000000cc100000| PB 0x00000000cc100000| Complete 
| 194|0x00000000cc200000, 0x00000000cc300000, 0x00000000cc300000|100%|HS|  |TAMS 0x00000000cc200000| PB 0x00000000cc200000| Complete 
| 195|0x00000000cc300000, 0x00000000cc400000, 0x00000000cc400000|100%|HC|  |TAMS 0x00000000cc300000| PB 0x00000000cc300000| Complete 
| 196|0x00000000cc400000, 0x00000000cc500000, 0x00000000cc500000|100%|HC|  |TAMS 0x00000000cc400000| PB 0x00000000cc400000| Complete 
| 197|0x00000000cc500000, 0x00000000cc600000, 0x00000000cc600000|100%|HC|  |TAMS 0x00000000cc500000| PB 0x00000000cc500000| Complete 
| 198|0x00000000cc600000, 0x00000000cc700000, 0x00000000cc700000|100%|HC|  |TAMS 0x00000000cc600000| PB 0x00000000cc600000| Complete 
| 199|0x00000000cc700000, 0x00000000cc800000, 0x00000000cc800000|100%|HS|  |TAMS 0x00000000cc700000| PB 0x00000000cc700000| Complete 
| 200|0x00000000cc800000, 0x00000000cc900000, 0x00000000cc900000|100%|HC|  |TAMS 0x00000000cc800000| PB 0x00000000cc800000| Complete 
| 201|0x00000000cc900000, 0x00000000cca00000, 0x00000000cca00000|100%|HC|  |TAMS 0x00000000cc900000| PB 0x00000000cc900000| Complete 
| 202|0x00000000cca00000, 0x00000000ccb00000, 0x00000000ccb00000|100%|HC|  |TAMS 0x00000000cca00000| PB 0x00000000cca00000| Complete 
| 203|0x00000000ccb00000, 0x00000000ccc00000, 0x00000000ccc00000|100%|HC|  |TAMS 0x00000000ccb00000| PB 0x00000000ccb00000| Complete 
| 204|0x00000000ccc00000, 0x00000000ccc00000, 0x00000000ccd00000|  0%| F|  |TAMS 0x00000000ccc00000| PB 0x00000000ccc00000| Untracked 
| 205|0x00000000ccd00000, 0x00000000ccd00000, 0x00000000cce00000|  0%| F|  |TAMS 0x00000000ccd00000| PB 0x00000000ccd00000| Untracked 
| 206|0x00000000cce00000, 0x00000000cce00000, 0x00000000ccf00000|  0%| F|  |TAMS 0x00000000cce00000| PB 0x00000000cce00000| Untracked 
| 235|0x00000000ceb00000, 0x00000000cec00000, 0x00000000cec00000|100%|HS|  |TAMS 0x00000000ceb00000| PB 0x00000000ceb00000| Complete 
| 236|0x00000000cec00000, 0x00000000ced00000, 0x00000000ced00000|100%|HC|  |TAMS 0x00000000cec00000| PB 0x00000000cec00000| Complete 
| 237|0x00000000ced00000, 0x00000000cee00000, 0x00000000cee00000|100%|HC|  |TAMS 0x00000000ced00000| PB 0x00000000ced00000| Complete 
| 238|0x00000000cee00000, 0x00000000cef00000, 0x00000000cef00000|100%|HC|  |TAMS 0x00000000cee00000| PB 0x00000000cee00000| Complete 
| 239|0x00000000cef00000, 0x00000000cf000000, 0x00000000cf000000|100%|HC|  |TAMS 0x00000000cef00000| PB 0x00000000cef00000| Complete 
| 240|0x00000000cf000000, 0x00000000cf000000, 0x00000000cf100000|  0%| F|  |TAMS 0x00000000cf000000| PB 0x00000000cf000000| Untracked 
| 241|0x00000000cf100000, 0x00000000cf1569a0, 0x00000000cf200000| 33%| E|  |TAMS 0x00000000cf100000| PB 0x00000000cf100000| Complete 
| 243|0x00000000cf300000, 0x00000000cf400000, 0x00000000cf400000|100%| E|CS|TAMS 0x00000000cf300000| PB 0x00000000cf300000| Complete 

Card table byte_map: [0x0000019b7da10000,0x0000019b7dc10000] _byte_map_base: 0x0000019b7d410000

Marking Bits: (CMBitMap*) 0x0000019b7d24a560
 Bits: [0x0000019b7dc10000, 0x0000019b7ec10000)

Polling page: 0x0000019b7b080000

Metaspace:

Usage:
  Non-class:     78.76 MB used.
      Class:     10.47 MB used.
       Both:     89.22 MB used.

Virtual space:
  Non-class space:      128.00 MB reserved,      79.12 MB ( 62%) committed,  2 nodes.
      Class space:        1.00 GB reserved,      10.81 MB (  1%) committed,  1 nodes.
             Both:        1.12 GB reserved,      89.94 MB (  8%) committed. 

Chunk freelists:
   Non-Class:  91.00 KB
       Class:  5.04 MB
        Both:  5.13 MB

MaxMetaspaceSize: unlimited
CompressedClassSpaceSize: 1.00 GB
Initial GC threshold: 21.00 MB
Current GC threshold: 149.94 MB
CDS: on
 - commit_granule_bytes: 65536.
 - commit_granule_words: 8192.
 - virtual_space_node_default_size: 8388608.
 - enlarge_chunks_in_place: 1.
 - use_allocation_guard: 0.


Internal statistics:

num_allocs_failed_limit: 12.
num_arena_births: 970.
num_arena_deaths: 0.
num_vsnodes_births: 3.
num_vsnodes_deaths: 0.
num_space_committed: 1436.
num_space_uncommitted: 0.
num_chunks_returned_to_freelist: 12.
num_chunks_taken_from_freelist: 4007.
num_chunk_merges: 9.
num_chunk_splits: 3031.
num_chunks_enlarged: 2482.
num_inconsistent_stats: 0.

CodeHeap 'non-profiled nmethods': size=120000Kb used=3624Kb max_used=3825Kb free=116375Kb
 bounds [0x0000019b10130000, 0x0000019b104f0000, 0x0000019b17660000]
CodeHeap 'profiled nmethods': size=120000Kb used=14250Kb max_used=15004Kb free=105749Kb
 bounds [0x0000019b08660000, 0x0000019b09510000, 0x0000019b0fb90000]
CodeHeap 'non-nmethods': size=5760Kb used=1912Kb max_used=1942Kb free=3847Kb
 bounds [0x0000019b0fb90000, 0x0000019b0fe00000, 0x0000019b10130000]
CodeCache: size=245760Kb, used=19786Kb, max_used=20771Kb, free=225971Kb
 total_blobs=8157, nmethods=7306, adapters=753, full_count=0
Compilation: enabled, stopped_count=0, restarted_count=0

Compilation events (20 events):
Event: 47.131 Thread 0x0000019b196b0e90 8254   !   3       java.util.concurrent.locks.LockSupport::parkNanos (56 bytes)
Event: 47.132 Thread 0x0000019b196b0e90 nmethod 8254 0x0000019b0877df10 code [0x0000019b0877e120, 0x0000019b0877e560]
Event: 47.486 Thread 0x0000019b1969ec40 8255       4       net.jpountz.lz4.LZ4BlockOutputStream::flushBufferedData (218 bytes)
Event: 47.505 Thread 0x0000019b1969ec40 nmethod 8255 0x0000019b103b2b90 code [0x0000019b103b2ea0, 0x0000019b103b4948]
Event: 47.526 Thread 0x0000019b196b0e90 8256       1       org.apache.spark.executor.ExecutorMetrics::metrics (5 bytes)
Event: 47.526 Thread 0x0000019b196b0e90 nmethod 8256 0x0000019b1038b690 code [0x0000019b1038b820, 0x0000019b1038b8e8]
Event: 49.374 Thread 0x0000019b196b0e90 8257       3       scala.collection.mutable.ArrayBuffer::knownSize (5 bytes)
Event: 49.374 Thread 0x0000019b196b0e90 nmethod 8257 0x0000019b087c6690 code [0x0000019b087c6840, 0x0000019b087c6b78]
Event: 49.498 Thread 0x0000019b196b0e90 8258   !   3       java.util.stream.ReferencePipeline$7$1::accept (127 bytes)
Event: 49.498 Thread 0x0000019b196b0e90 nmethod 8258 0x0000019b086b5f10 code [0x0000019b086b61a0, 0x0000019b086b70f0]
Event: 49.498 Thread 0x0000019b196b0e90 8259       3       java.util.stream.AbstractPipeline::sequential (10 bytes)
Event: 49.498 Thread 0x0000019b196b0e90 nmethod 8259 0x0000019b08851990 code [0x0000019b08851b20, 0x0000019b08851c38]
Event: 49.498 Thread 0x0000019b196b0e90 8260       3       java.util.stream.AbstractPipeline::close (48 bytes)
Event: 49.498 Thread 0x0000019b196b0e90 nmethod 8260 0x0000019b08a0e890 code [0x0000019b08a0ea40, 0x0000019b08a0ece0]
Event: 49.498 Thread 0x0000019b196b0e90 8261       1       javax.management.ObjectName$Property::setKeyIndex (6 bytes)
Event: 49.498 Thread 0x0000019b196b0e90 nmethod 8261 0x0000019b103b2690 code [0x0000019b103b2820, 0x0000019b103b28e8]
Event: 49.498 Thread 0x0000019b196b0e90 8262       3       java.util.concurrent.locks.ReentrantLock$Sync::lockInterruptibly (27 bytes)
Event: 49.499 Thread 0x0000019b196b0e90 nmethod 8262 0x0000019b086a9490 code [0x0000019b086a96a0, 0x0000019b086a9bd8]
Event: 49.499 Thread 0x0000019b196b0e90 8263       3       java.util.concurrent.locks.ReentrantLock::lockInterruptibly (8 bytes)
Event: 49.499 Thread 0x0000019b196b0e90 nmethod 8263 0x0000019b08848890 code [0x0000019b08848aa0, 0x0000019b08849040]

GC Heap History (20 events):
Event: 7.905 GC heap before
{Heap before GC invocations=3 (full 0):
 garbage-first heap   total 249856K, used 32002K [0x00000000c0000000, 0x0000000100000000)
  region size 1024K, 8 young (8192K), 6 survivors (6144K)
 Metaspace       used 21249K, committed 21504K, reserved 1114112K
  class space    used 2548K, committed 2688K, reserved 1048576K
}
Event: 7.910 GC heap after
{Heap after GC invocations=4 (full 0):
 garbage-first heap   total 249856K, used 31107K [0x00000000c0000000, 0x0000000100000000)
  region size 1024K, 7 young (7168K), 7 survivors (7168K)
 Metaspace       used 21249K, committed 21504K, reserved 1114112K
  class space    used 2548K, committed 2688K, reserved 1048576K
}
Event: 11.930 GC heap before
{Heap before GC invocations=5 (full 0):
 garbage-first heap   total 109568K, used 107907K [0x00000000c0000000, 0x0000000100000000)
  region size 1024K, 77 young (78848K), 7 survivors (7168K)
 Metaspace       used 30615K, committed 31040K, reserved 1114112K
  class space    used 3525K, committed 3712K, reserved 1048576K
}
Event: 11.936 GC heap after
{Heap after GC invocations=6 (full 0):
 garbage-first heap   total 119808K, used 40194K [0x00000000c0000000, 0x0000000100000000)
  region size 1024K, 10 young (10240K), 10 survivors (10240K)
 Metaspace       used 30615K, committed 31040K, reserved 1114112K
  class space    used 3525K, committed 3712K, reserved 1048576K
}
Event: 13.490 GC heap before
{Heap before GC invocations=6 (full 0):
 garbage-first heap   total 119808K, used 58626K [0x00000000c0000000, 0x0000000100000000)
  region size 1024K, 30 young (30720K), 10 survivors (10240K)
 Metaspace       used 35561K, committed 35968K, reserved 1114112K
  class space    used 4085K, committed 4288K, reserved 1048576K
}
Event: 13.497 GC heap after
{Heap after GC invocations=7 (full 0):
 garbage-first heap   total 119808K, used 41363K [0x00000000c0000000, 0x0000000100000000)
  region size 1024K, 6 young (6144K), 6 survivors (6144K)
 Metaspace       used 35561K, committed 35968K, reserved 1114112K
  class space    used 4085K, committed 4288K, reserved 1048576K
}
Event: 13.783 GC heap before
{Heap before GC invocations=7 (full 0):
 garbage-first heap   total 119808K, used 41363K [0x00000000c0000000, 0x0000000100000000)
  region size 1024K, 7 young (7168K), 6 survivors (6144K)
 Metaspace       used 35879K, committed 36288K, reserved 1114112K
  class space    used 4124K, committed 4288K, reserved 1048576K
}
Event: 13.786 GC heap after
{Heap after GC invocations=8 (full 0):
 garbage-first heap   total 119808K, used 41978K [0x00000000c0000000, 0x0000000100000000)
  region size 1024K, 6 young (6144K), 6 survivors (6144K)
 Metaspace       used 35879K, committed 36288K, reserved 1114112K
  class space    used 4124K, committed 4288K, reserved 1048576K
}
Event: 20.503 GC heap before
{Heap before GC invocations=9 (full 0):
 garbage-first heap   total 119808K, used 94202K [0x00000000c0000000, 0x0000000100000000)
  region size 1024K, 58 young (59392K), 6 survivors (6144K)
 Metaspace       used 46199K, committed 46784K, reserved 1114112K
  class space    used 5377K, committed 5632K, reserved 1048576K
}
Event: 20.508 GC heap after
{Heap after GC invocations=10 (full 0):
 garbage-first heap   total 119808K, used 45583K [0x00000000c0000000, 0x0000000100000000)
  region size 1024K, 6 young (6144K), 6 survivors (6144K)
 Metaspace       used 46199K, committed 46784K, reserved 1114112K
  class space    used 5377K, committed 5632K, reserved 1048576K
}
Event: 31.707 GC heap before
{Heap before GC invocations=10 (full 0):
 garbage-first heap   total 119808K, used 98831K [0x00000000c0000000, 0x0000000100000000)
  region size 1024K, 58 young (59392K), 6 survivors (6144K)
 Metaspace       used 55596K, committed 56256K, reserved 1114112K
  class space    used 6552K, committed 6848K, reserved 1048576K
}
Event: 31.713 GC heap after
{Heap after GC invocations=11 (full 0):
 garbage-first heap   total 119808K, used 50663K [0x00000000c0000000, 0x0000000100000000)
  region size 1024K, 8 young (8192K), 8 survivors (8192K)
 Metaspace       used 55596K, committed 56256K, reserved 1114112K
  class space    used 6552K, committed 6848K, reserved 1048576K
}
Event: 32.432 GC heap before
{Heap before GC invocations=11 (full 0):
 garbage-first heap   total 119808K, used 77287K [0x00000000c0000000, 0x0000000100000000)
  region size 1024K, 36 young (36864K), 8 survivors (8192K)
 Metaspace       used 59998K, committed 60608K, reserved 1114112K
  class space    used 6877K, committed 7168K, reserved 1048576K
}
Event: 32.436 GC heap after
{Heap after GC invocations=12 (full 0):
 garbage-first heap   total 119808K, used 52169K [0x00000000c0000000, 0x0000000100000000)
  region size 1024K, 6 young (6144K), 6 survivors (6144K)
 Metaspace       used 59998K, committed 60608K, reserved 1114112K
  class space    used 6877K, committed 7168K, reserved 1048576K
}
Event: 34.471 GC heap before
{Heap before GC invocations=13 (full 0):
 garbage-first heap   total 119808K, used 101321K [0x00000000c0000000, 0x0000000100000000)
  region size 1024K, 55 young (56320K), 6 survivors (6144K)
 Metaspace       used 72518K, committed 73216K, reserved 1114112K
  class space    used 8458K, committed 8768K, reserved 1048576K
}
Event: 34.477 GC heap after
{Heap after GC invocations=14 (full 0):
 garbage-first heap   total 119808K, used 56817K [0x00000000c0000000, 0x0000000100000000)
  region size 1024K, 7 young (7168K), 7 survivors (7168K)
 Metaspace       used 72518K, committed 73216K, reserved 1114112K
  class space    used 8458K, committed 8768K, reserved 1048576K
}
Event: 36.015 GC heap before
{Heap before GC invocations=14 (full 0):
 garbage-first heap   total 119808K, used 102897K [0x00000000c0000000, 0x0000000100000000)
  region size 1024K, 52 young (53248K), 7 survivors (7168K)
 Metaspace       used 83453K, committed 84096K, reserved 1179648K
  class space    used 9790K, committed 10048K, reserved 1048576K
}
Event: 36.020 GC heap after
{Heap after GC invocations=15 (full 0):
 garbage-first heap   total 119808K, used 60913K [0x00000000c0000000, 0x0000000100000000)
  region size 1024K, 5 young (5120K), 5 survivors (5120K)
 Metaspace       used 83453K, committed 84096K, reserved 1179648K
  class space    used 9790K, committed 10048K, reserved 1048576K
}
Event: 45.076 GC heap before
{Heap before GC invocations=15 (full 0):
 garbage-first heap   total 119808K, used 93681K [0x00000000c0000000, 0x0000000100000000)
  region size 1024K, 38 young (38912K), 5 survivors (5120K)
 Metaspace       used 91358K, committed 92096K, reserved 1179648K
  class space    used 10717K, committed 11072K, reserved 1048576K
}
Event: 45.081 GC heap after
{Heap after GC invocations=16 (full 0):
 garbage-first heap   total 119808K, used 64354K [0x00000000c0000000, 0x0000000100000000)
  region size 1024K, 4 young (4096K), 4 survivors (4096K)
 Metaspace       used 91358K, committed 92096K, reserved 1179648K
  class space    used 10717K, committed 11072K, reserved 1048576K
}

Dll operation events (20 events):
Event: 0.532 Attempting to load shared library C:\Program Files\Eclipse Adoptium\jdk-21.0.12.8-hotspot\bin\zip.dll
Event: 0.534 Loaded shared library C:\Program Files\Eclipse Adoptium\jdk-21.0.12.8-hotspot\bin\zip.dll
Event: 2.272 Attempting to load shared library C:\Program Files\Eclipse Adoptium\jdk-21.0.12.8-hotspot\bin\jimage.dll
Event: 2.272 Loaded shared library C:\Program Files\Eclipse Adoptium\jdk-21.0.12.8-hotspot\bin\jimage.dll
Event: 3.092 Attempting to load shared library C:\Program Files\Eclipse Adoptium\jdk-21.0.12.8-hotspot\bin\management.dll
Event: 3.096 Loaded shared library C:\Program Files\Eclipse Adoptium\jdk-21.0.12.8-hotspot\bin\management.dll
Event: 3.106 Attempting to load shared library C:\Program Files\Eclipse Adoptium\jdk-21.0.12.8-hotspot\bin\management_ext.dll
Event: 3.111 Loaded shared library C:\Program Files\Eclipse Adoptium\jdk-21.0.12.8-hotspot\bin\management_ext.dll
Event: 8.752 Attempting to load shared library C:\Program Files\Eclipse Adoptium\jdk-21.0.12.8-hotspot\bin\verify.dll
Event: 8.760 Loaded shared library C:\Program Files\Eclipse Adoptium\jdk-21.0.12.8-hotspot\bin\verify.dll
Event: 10.968 Attempting to load shared library C:\hadoop\bin\hadoop.dll
Event: 10.986 Loaded shared library C:\hadoop\bin\hadoop.dll
Event: 11.060 Attempting to load shared library C:\Program Files\Eclipse Adoptium\jdk-21.0.12.8-hotspot\bin\jaas.dll
Event: 11.067 Loaded shared library C:\Program Files\Eclipse Adoptium\jdk-21.0.12.8-hotspot\bin\jaas.dll
Event: 11.592 Attempting to load shared library C:\Program Files\Eclipse Adoptium\jdk-21.0.12.8-hotspot\bin\extnet.dll
Event: 11.595 Loaded shared library C:\Program Files\Eclipse Adoptium\jdk-21.0.12.8-hotspot\bin\extnet.dll
Event: 13.535 Attempting to load shared library C:\Program Files\Eclipse Adoptium\jdk-21.0.12.8-hotspot\bin\sunmscapi.dll
Event: 13.608 Loaded shared library C:\Program Files\Eclipse Adoptium\jdk-21.0.12.8-hotspot\bin\sunmscapi.dll
Event: 44.454 Attempting to load shared library C:\Users\VICTUS\AppData\Local\Temp\liblz4-java-5047457134592920981.dll
Event: 45.000 Loaded shared library C:\Users\VICTUS\AppData\Local\Temp\liblz4-java-5047457134592920981.dll

Deoptimization events (20 events):
Event: 42.893 Thread 0x0000019b60bbfc30 Uncommon trap: trap_request=0xffffffde fr.pc=0x0000019b1044c294 relative=0x00000000000000d4
Event: 42.893 Thread 0x0000019b60bbfc30 Uncommon trap: reason=class_check action=maybe_recompile pc=0x0000019b1044c294 method=scala.runtime.Statics.anyHash(Ljava/lang/Object;)I @ 14 c2
Event: 42.893 Thread 0x0000019b60bbfc30 DEOPT PACKING pc=0x0000019b1044c294 sp=0x0000008caeafe070
Event: 42.893 Thread 0x0000019b60bbfc30 DEOPT UNPACKING pc=0x0000019b0fbe7ba2 sp=0x0000008caeafe000 mode 2
Event: 42.897 Thread 0x0000019b60bbfc30 Uncommon trap: trap_request=0xffffffde fr.pc=0x0000019b1044c294 relative=0x00000000000000d4
Event: 42.898 Thread 0x0000019b60bbfc30 Uncommon trap: reason=class_check action=maybe_recompile pc=0x0000019b1044c294 method=scala.runtime.Statics.anyHash(Ljava/lang/Object;)I @ 14 c2
Event: 42.898 Thread 0x0000019b60bbfc30 DEOPT PACKING pc=0x0000019b1044c294 sp=0x0000008caeafe090
Event: 42.898 Thread 0x0000019b60bbfc30 DEOPT UNPACKING pc=0x0000019b0fbe7ba2 sp=0x0000008caeafe020 mode 2
Event: 42.898 Thread 0x0000019b60bbfc30 Uncommon trap: trap_request=0xffffffde fr.pc=0x0000019b1044c294 relative=0x00000000000000d4
Event: 42.898 Thread 0x0000019b60bbfc30 Uncommon trap: reason=class_check action=maybe_recompile pc=0x0000019b1044c294 method=scala.runtime.Statics.anyHash(Ljava/lang/Object;)I @ 14 c2
Event: 42.898 Thread 0x0000019b60bbfc30 DEOPT PACKING pc=0x0000019b1044c294 sp=0x0000008caeafe070
Event: 42.898 Thread 0x0000019b60bbfc30 DEOPT UNPACKING pc=0x0000019b0fbe7ba2 sp=0x0000008caeafe000 mode 2
Event: 42.898 Thread 0x0000019b60bbfc30 Uncommon trap: trap_request=0xffffffde fr.pc=0x0000019b1044c294 relative=0x00000000000000d4
Event: 42.898 Thread 0x0000019b60bbfc30 Uncommon trap: reason=class_check action=maybe_recompile pc=0x0000019b1044c294 method=scala.runtime.Statics.anyHash(Ljava/lang/Object;)I @ 14 c2
Event: 42.898 Thread 0x0000019b60bbfc30 DEOPT PACKING pc=0x0000019b1044c294 sp=0x0000008caeafe080
Event: 42.898 Thread 0x0000019b60bbfc30 DEOPT UNPACKING pc=0x0000019b0fbe7ba2 sp=0x0000008caeafe010 mode 2
Event: 45.065 Thread 0x0000019b60bbfc30 Uncommon trap: trap_request=0xffffff45 fr.pc=0x0000019b102278f0 relative=0x0000000000000a90
Event: 45.065 Thread 0x0000019b60bbfc30 Uncommon trap: reason=unstable_if action=reinterpret pc=0x0000019b102278f0 method=sun.security.provider.SHA.implCompress0([BI)V @ 4 c2
Event: 45.065 Thread 0x0000019b60bbfc30 DEOPT PACKING pc=0x0000019b102278f0 sp=0x0000008caeafdca0
Event: 45.065 Thread 0x0000019b60bbfc30 DEOPT UNPACKING pc=0x0000019b0fbe7ba2 sp=0x0000008caeafdc10 mode 2

Classes loaded (20 events):
Event: 45.060 Loading class java/io/ClassCache$CacheRef
Event: 45.060 Loading class java/io/ClassCache$CacheRef done
Event: 45.060 Loading class java/io/ObjectStreamClass$FieldReflectorKey
Event: 45.061 Loading class java/io/ObjectStreamClass$FieldReflectorKey done
Event: 45.061 Loading class java/io/ObjectStreamClass$FieldReflector
Event: 45.062 Loading class java/io/ObjectStreamClass$FieldReflector done
Event: 45.063 Loading class java/io/ObjectStreamClass$1
Event: 45.063 Loading class java/io/ObjectStreamClass$1 done
Event: 45.063 Loading class java/io/ObjectStreamClass$MemberSignature
Event: 45.064 Loading class java/io/ObjectStreamClass$MemberSignature done
Event: 45.064 Loading class java/io/ObjectStreamClass$3
Event: 45.064 Loading class java/io/ObjectStreamClass$3 done
Event: 45.064 Loading class java/io/ObjectStreamClass$4
Event: 45.064 Loading class java/io/ObjectStreamClass$4 done
Event: 45.064 Loading class java/io/ObjectStreamClass$5
Event: 45.064 Loading class java/io/ObjectStreamClass$5 done
Event: 45.065 Loading class java/io/ObjectStreamClass$ClassDataSlot
Event: 45.066 Loading class java/io/ObjectStreamClass$ClassDataSlot done
Event: 45.066 Loading class java/io/SerialCallbackContext
Event: 45.067 Loading class java/io/SerialCallbackContext done

Classes unloaded (0 events):
No events

Classes redefined (0 events):
No events

Internal exceptions (20 events):
Event: 37.586 Thread 0x0000019b611d8f00 Exception <a 'sun/nio/fs/WindowsException'{0x00000000c5789610}> (0x00000000c5789610) 
thrown [s\src\hotspot\share\prims\jni.cpp, line 520]
Event: 37.598 Thread 0x0000019b60974d80 Exception <a 'java/lang/NoSuchMethodError'{0x00000000c57af7f0}: 'java.lang.Object java.lang.invoke.DirectMethodHandle$Holder.invokeStatic(java.lang.Object, java.lang.Object, long, java.lang.Object, java.lang.Object)'> (0x00000000c57af7f0) 
thrown [s\src\hotspot\share\interpreter\linkResolver.cpp, line 773]
Event: 37.598 Thread 0x0000019b60974d80 Exception <a 'java/lang/NoSuchMethodError'{0x00000000c57b7c08}: 'java.lang.Object java.lang.invoke.DirectMethodHandle$Holder.newInvokeSpecial(java.lang.Object, java.lang.Object, long, java.lang.Object)'> (0x00000000c57b7c08) 
thrown [s\src\hotspot\share\interpreter\linkResolver.cpp, line 773]
Event: 37.599 Thread 0x0000019b60974d80 Exception <a 'java/lang/NoSuchMethodError'{0x00000000c57bba40}: 'java.lang.Object java.lang.invoke.DirectMethodHandle$Holder.invokeSpecial(java.lang.Object, java.lang.Object, java.lang.Object, long, java.lang.Object)'> (0x00000000c57bba40) 
thrown [s\src\hotspot\share\interpreter\linkResolver.cpp, line 773]
Event: 37.599 Thread 0x0000019b60974d80 Exception <a 'java/lang/NoSuchMethodError'{0x00000000c57ca040}: 'java.lang.Object java.lang.invoke.Invokers$Holder.linkToTargetMethod(java.lang.Object, long, java.lang.Object, java.lang.Object)'> (0x00000000c57ca040) 
thrown [s\src\hotspot\share\interpreter\linkResolver.cpp, line 773]
Event: 37.602 Thread 0x0000019b60974d80 Exception <a 'java/lang/NoSuchMethodError'{0x00000000c57dea00}: 'java.lang.Object java.lang.invoke.DirectMethodHandle$Holder.invokeStatic(java.lang.Object, java.lang.Object, java.lang.Object, long, java.lang.Object, java.lang.Object)'> (0x00000000c57dea00) 
thrown [s\src\hotspot\share\interpreter\linkResolver.cpp, line 773]
Event: 37.602 Thread 0x0000019b60974d80 Exception <a 'java/lang/NoSuchMethodError'{0x00000000c57e7178}: 'java.lang.Object java.lang.invoke.DirectMethodHandle$Holder.newInvokeSpecial(java.lang.Object, java.lang.Object, java.lang.Object, long, java.lang.Object)'> (0x00000000c57e7178) 
thrown [s\src\hotspot\share\interpreter\linkResolver.cpp, line 773]
Event: 37.603 Thread 0x0000019b60974d80 Exception <a 'java/lang/NoSuchMethodError'{0x00000000c57eb338}: 'java.lang.Object java.lang.invoke.DirectMethodHandle$Holder.invokeSpecial(java.lang.Object, java.lang.Object, java.lang.Object, java.lang.Object, long, java.lang.Object)'> (0x00000000c57eb338) 
thrown [s\src\hotspot\share\interpreter\linkResolver.cpp, line 773]
Event: 37.603 Thread 0x0000019b60974d80 Exception <a 'java/lang/NoSuchMethodError'{0x00000000c57eeb70}: 'java.lang.Object java.lang.invoke.Invokers$Holder.linkToTargetMethod(java.lang.Object, java.lang.Object, long, java.lang.Object, java.lang.Object)'> (0x00000000c57eeb70) 
thrown [s\src\hotspot\share\interpreter\linkResolver.cpp, line 773]
Event: 42.793 Thread 0x0000019b60bbfc30 Exception <a 'java/lang/NoSuchMethodError'{0x00000000c58e2cf0}: 'java.lang.Object java.lang.invoke.DirectMethodHandle$Holder.invokeStatic(java.lang.Object, java.lang.Object, java.lang.Object, java.lang.Object, java.lang.Object, java.lang.Object, int, java.lang.Object)'> (0x00000000c58e2cf0) 
thrown [s\src\hotspot\share\interpreter\linkResolver.cpp, line 773]
Event: 42.794 Thread 0x0000019b60bbfc30 Exception <a 'java/lang/NoSuchMethodError'{0x00000000c58eca80}: 'java.lang.Object java.lang.invoke.DirectMethodHandle$Holder.newInvokeSpecial(java.lang.Object, java.lang.Object, java.lang.Object, java.lang.Object, java.lang.Object, java.lang.Object, int)'> (0x00000000c58eca80) 
thrown [s\src\hotspot\share\interpreter\linkResolver.cpp, line 773]
Event: 42.794 Thread 0x0000019b60bbfc30 Exception <a 'java/lang/NoSuchMethodError'{0x00000000c58f0b88}: 'java.lang.Object java.lang.invoke.DirectMethodHandle$Holder.invokeSpecial(java.lang.Object, java.lang.Object, java.lang.Object, java.lang.Object, java.lang.Object, java.lang.Object, java.lang.Object, int)'> (0x00000000c58f0b88) 
thrown [s\src\hotspot\share\interpreter\linkResolver.cpp, line 773]
Event: 42.794 Thread 0x0000019b60bbfc30 Exception <a 'java/lang/NoSuchMethodError'{0x00000000c58f46e8}: 'java.lang.Object java.lang.invoke.Invokers$Holder.linkToTargetMethod(java.lang.Object, java.lang.Object, java.lang.Object, java.lang.Object, java.lang.Object, int, java.lang.Object)'> (0x00000000c58f46e8) 
thrown [s\src\hotspot\share\interpreter\linkResolver.cpp, line 773]
Event: 42.812 Thread 0x0000019b60bbfc30 Exception <a 'java/lang/NoSuchMethodError'{0x00000000c56b7478}: 'java.lang.Object java.lang.invoke.DirectMethodHandle$Holder.newInvokeSpecial(java.lang.Object, long, java.lang.Object)'> (0x00000000c56b7478) 
thrown [s\src\hotspot\share\interpreter\linkResolver.cpp, line 773]
Event: 42.812 Thread 0x0000019b60bbfc30 Exception <a 'java/lang/NoSuchMethodError'{0x00000000c56bb038}: 'java.lang.Object java.lang.invoke.DirectMethodHandle$Holder.invokeSpecial(java.lang.Object, java.lang.Object, long, java.lang.Object)'> (0x00000000c56bb038) 
thrown [s\src\hotspot\share\interpreter\linkResolver.cpp, line 773]
Event: 42.812 Thread 0x0000019b60bbfc30 Exception <a 'java/lang/NoSuchMethodError'{0x00000000c56be3e8}: 'java.lang.Object java.lang.invoke.Invokers$Holder.linkToTargetMethod(long, java.lang.Object, java.lang.Object)'> (0x00000000c56be3e8) 
thrown [s\src\hotspot\share\interpreter\linkResolver.cpp, line 773]
Event: 42.813 Thread 0x0000019b60bbfc30 Exception <a 'java/lang/NoSuchMethodError'{0x00000000c56c6ce0}: 'java.lang.Object java.lang.invoke.DirectMethodHandle$Holder.invokeStatic(java.lang.Object, java.lang.Object, java.lang.Object, java.lang.Object, int, java.lang.Object, java.lang.Object)'> (0x00000000c56c6ce0) 
thrown [s\src\hotspot\share\interpreter\linkResolver.cpp, line 773]
Event: 45.064 Thread 0x0000019b60bbfc30 Exception <a 'java/lang/NoSuchMethodError'{0x00000000c54b5410}: static Lorg/apache/spark/api/python/PythonBroadcast;.<clinit>()V> (0x00000000c54b5410) 
thrown [s\src\hotspot\share\prims\jni.cpp, line 1111]
Event: 45.065 Thread 0x0000019b60bbfc30 Implicit null exception at 0x0000019b10226ea4 to 0x0000019b102278d4
Event: 45.068 Thread 0x0000019b60bbfc30 Exception <a 'java/lang/NoSuchMethodError'{0x00000000c54c1120}: 'long java.lang.invoke.DirectMethodHandle$Holder.invokeStatic(java.lang.Object, java.lang.Object, java.lang.Object)'> (0x00000000c54c1120) 
thrown [s\src\hotspot\share\interpreter\linkResolver.cpp, line 773]

ZGC Phase Switch (0 events):
No events

VM Operations (20 events):
Event: 39.786 Executing safepoint VM operation: Cleanup
Event: 39.786 Executing safepoint VM operation: Cleanup done
Event: 40.792 Executing safepoint VM operation: Cleanup
Event: 40.792 Executing safepoint VM operation: Cleanup done
Event: 42.809 Executing safepoint VM operation: Cleanup
Event: 42.810 Executing safepoint VM operation: Cleanup done
Event: 43.820 Executing safepoint VM operation: Cleanup
Event: 43.820 Executing safepoint VM operation: Cleanup done
Event: 44.828 Executing safepoint VM operation: Cleanup
Event: 44.828 Executing safepoint VM operation: Cleanup done
Event: 45.037 Executing non-safepoint VM operation: HandshakeAllThreads (Deoptimize)
Event: 45.037 Executing non-safepoint VM operation: HandshakeAllThreads (Deoptimize) done
Event: 45.076 Executing safepoint VM operation: G1TryInitiateConcMark (G1 Humongous Allocation)
Event: 45.081 Executing safepoint VM operation: G1TryInitiateConcMark (G1 Humongous Allocation) done
Event: 45.101 Executing safepoint VM operation: G1PauseRemark
Event: 45.108 Executing safepoint VM operation: G1PauseRemark done
Event: 45.114 Executing safepoint VM operation: G1PauseCleanup
Event: 45.114 Executing safepoint VM operation: G1PauseCleanup done
Event: 46.119 Executing safepoint VM operation: Cleanup
Event: 46.120 Executing safepoint VM operation: Cleanup done

Memory protections (0 events):
No events

Nmethod flushes (20 events):
Event: 45.106 Thread 0x0000019b1966f590 flushing  nmethod 0x0000019b0897b790
Event: 45.106 Thread 0x0000019b1966f590 flushing  nmethod 0x0000019b0897c910
Event: 45.106 Thread 0x0000019b1966f590 flushing  nmethod 0x0000019b089bbd90
Event: 45.106 Thread 0x0000019b1966f590 flushing  nmethod 0x0000019b089bd790
Event: 45.106 Thread 0x0000019b1966f590 flushing  nmethod 0x0000019b089c1c10
Event: 45.106 Thread 0x0000019b1966f590 flushing  nmethod 0x0000019b08c35390
Event: 45.106 Thread 0x0000019b1966f590 flushing  nmethod 0x0000019b08c37e10
Event: 45.106 Thread 0x0000019b1966f590 flushing  nmethod 0x0000019b08c38a10
Event: 45.106 Thread 0x0000019b1966f590 flushing  nmethod 0x0000019b08dfd010
Event: 45.106 Thread 0x0000019b1966f590 flushing  nmethod 0x0000019b08dfee90
Event: 45.106 Thread 0x0000019b1966f590 flushing  nmethod 0x0000019b08dffd90
Event: 45.106 Thread 0x0000019b1966f590 flushing  nmethod 0x0000019b08e32890
Event: 45.106 Thread 0x0000019b1966f590 flushing  nmethod 0x0000019b08e55990
Event: 45.106 Thread 0x0000019b1966f590 flushing  nmethod 0x0000019b08f63590
Event: 45.106 Thread 0x0000019b1966f590 flushing  nmethod 0x0000019b08f93d10
Event: 45.106 Thread 0x0000019b1966f590 flushing  nmethod 0x0000019b08f98610
Event: 45.106 Thread 0x0000019b1966f590 flushing  nmethod 0x0000019b08fd9090
Event: 45.106 Thread 0x0000019b1966f590 flushing  nmethod 0x0000019b08fdc510
Event: 45.106 Thread 0x0000019b1966f590 flushing  nmethod 0x0000019b08fdcd90
Event: 45.106 Thread 0x0000019b1966f590 flushing  nmethod 0x0000019b08fdd110

Events (20 events):
Event: 28.838 Thread 0x0000019b60bbfc30 Thread added: 0x0000019b60974d80
Event: 28.980 Thread 0x0000019b60974d80 Thread exited: 0x0000019b60974d80
Event: 28.997 Thread 0x0000019b60bbfc30 Thread added: 0x0000019b60976e50
Event: 29.073 Thread 0x0000019b60976e50 Thread exited: 0x0000019b60976e50
Event: 29.081 Thread 0x0000019b60bbfc30 Thread added: 0x0000019b609746f0
Event: 29.236 Thread 0x0000019b609746f0 Thread exited: 0x0000019b609746f0
Event: 30.265 Thread 0x0000019b60bbfc30 Thread added: 0x0000019b609746f0
Event: 30.334 Thread 0x0000019b609746f0 Thread exited: 0x0000019b609746f0
Event: 30.340 Thread 0x0000019b60bbfc30 Thread added: 0x0000019b609767c0
Event: 30.390 Thread 0x0000019b609767c0 Thread exited: 0x0000019b609767c0
Event: 30.446 Thread 0x0000019b60bbfc30 Thread added: 0x0000019b60976130
Event: 30.547 Thread 0x0000019b60976130 Thread exited: 0x0000019b60976130
Event: 30.553 Thread 0x0000019b60bbfc30 Thread added: 0x0000019b609767c0
Event: 30.799 Thread 0x0000019b609767c0 Thread exited: 0x0000019b609767c0
Event: 30.837 Thread 0x0000019b60bbfc30 Thread added: 0x0000019b609746f0
Event: 31.224 Thread 0x0000019b60bbfc30 Thread added: 0x0000019b60975410
Event: 31.224 Thread 0x0000019b60bbfc30 Thread added: 0x0000019b609767c0
Event: 31.228 Thread 0x0000019b60bbfc30 Thread added: 0x0000019b60974d80
Event: 31.229 Thread 0x0000019b60bbfc30 Thread added: 0x0000019b60975aa0
Event: 31.290 Thread 0x0000019b60974d80 Thread added: 0x0000019b60976130


Dynamic libraries:
0x00007ff796a50000 - 0x00007ff796a5e000 	C:\Program Files\Eclipse Adoptium\jdk-21.0.12.8-hotspot\bin\java.exe
0x00007ff91a740000 - 0x00007ff91a9a7000 	C:\windows\SYSTEM32\ntdll.dll
0x00007ff918c50000 - 0x00007ff918d1b000 	C:\windows\System32\KERNEL32.DLL
0x00007ff917bf0000 - 0x00007ff917ff2000 	C:\windows\System32\KERNELBASE.dll
0x00007ff917a00000 - 0x00007ff917b4c000 	C:\windows\System32\ucrtbase.dll
0x00007ff8ed9f0000 - 0x00007ff8eda0e000 	C:\Program Files\Eclipse Adoptium\jdk-21.0.12.8-hotspot\bin\VCRUNTIME140.dll
0x00007ff8d8000000 - 0x00007ff8d8018000 	C:\Program Files\Eclipse Adoptium\jdk-21.0.12.8-hotspot\bin\jli.dll
0x00007ff91a520000 - 0x00007ff91a6ef000 	C:\windows\System32\USER32.dll
0x00007ff8fb330000 - 0x00007ff8fb5c0000 	C:\windows\WinSxS\amd64_microsoft.windows.common-controls_6595b64144ccf1df_6.0.26100.9278_none_3e0d1ba8e3303201\COMCTL32.dll
0x00007ff9180b0000 - 0x00007ff9180d7000 	C:\windows\System32\win32u.dll
0x00007ff918460000 - 0x00007ff918509000 	C:\windows\System32\msvcrt.dll
0x00007ff918510000 - 0x00007ff91853b000 	C:\windows\System32\GDI32.dll
0x00007ff9180e0000 - 0x00007ff918209000 	C:\windows\System32\gdi32full.dll
0x00007ff918000000 - 0x00007ff9180a3000 	C:\windows\System32\msvcp_win.dll
0x00007ff919a10000 - 0x00007ff919a41000 	C:\windows\System32\IMM32.DLL
0x00007ff8eda40000 - 0x00007ff8eda4c000 	C:\Program Files\Eclipse Adoptium\jdk-21.0.12.8-hotspot\bin\vcruntime140_1.dll
0x00007ff8d8050000 - 0x00007ff8d80dd000 	C:\Program Files\Eclipse Adoptium\jdk-21.0.12.8-hotspot\bin\msvcp140.dll
0x00007ffff8240000 - 0x00007ffff8fe2000 	C:\Program Files\Eclipse Adoptium\jdk-21.0.12.8-hotspot\bin\server\jvm.dll
0x00007ff919a70000 - 0x00007ff919b2c000 	C:\windows\System32\ADVAPI32.dll
0x00007ff919920000 - 0x00007ff9199c9000 	C:\windows\System32\sechost.dll
0x00007ff918700000 - 0x00007ff918818000 	C:\windows\System32\RPCRT4.dll
0x00007ff918bc0000 - 0x00007ff918c40000 	C:\windows\System32\WS2_32.dll
0x00007ff9177c0000 - 0x00007ff91781e000 	C:\windows\SYSTEM32\POWRPROF.dll
0x00007ff905800000 - 0x00007ff905836000 	C:\windows\SYSTEM32\WINMM.dll
0x00007ff90fb90000 - 0x00007ff90fb9b000 	C:\windows\SYSTEM32\VERSION.dll
0x00007ff9177a0000 - 0x00007ff9177b5000 	C:\windows\SYSTEM32\UMPDC.dll
0x00007ff916610000 - 0x00007ff91662b000 	C:\windows\SYSTEM32\kernel.appcore.dll
0x00007ff8eda30000 - 0x00007ff8eda3a000 	C:\Program Files\Eclipse Adoptium\jdk-21.0.12.8-hotspot\bin\jimage.dll
0x00007ff90e270000 - 0x00007ff90e4bc000 	C:\windows\SYSTEM32\DBGHELP.DLL
0x00007ff918830000 - 0x00007ff918bb5000 	C:\windows\System32\combase.dll
0x00007ff919210000 - 0x00007ff9192e9000 	C:\windows\System32\OLEAUT32.dll
0x00007ff8eff00000 - 0x00007ff8eff3b000 	C:\windows\SYSTEM32\dbgcore.DLL
0x00007ff917940000 - 0x00007ff9179ec000 	C:\windows\System32\bcryptPrimitives.dll
0x00007ff8eda10000 - 0x00007ff8eda30000 	C:\Program Files\Eclipse Adoptium\jdk-21.0.12.8-hotspot\bin\java.dll
0x00007ff919c80000 - 0x00007ff91a418000 	C:\windows\System32\SHELL32.dll
0x00007ff915320000 - 0x00007ff915bce000 	C:\windows\SYSTEM32\windows.storage.dll
0x00007ff91a420000 - 0x00007ff91a51b000 	C:\windows\System32\SHCORE.dll
0x00007ff918690000 - 0x00007ff9186f6000 	C:\windows\System32\shlwapi.dll
0x00007ff917860000 - 0x00007ff917889000 	C:\windows\SYSTEM32\profapi.dll
0x00007ffffc0a0000 - 0x00007ffffc177000 	C:\Program Files\Eclipse Adoptium\jdk-21.0.12.8-hotspot\bin\jsvml.dll
0x00007ff8d8420000 - 0x00007ff8d8430000 	C:\Program Files\Eclipse Adoptium\jdk-21.0.12.8-hotspot\bin\net.dll
0x00007ff910600000 - 0x00007ff91072a000 	C:\windows\SYSTEM32\WINHTTP.dll
0x00007ff916bd0000 - 0x00007ff916c3c000 	C:\windows\system32\mswsock.dll
0x00007ff8d8400000 - 0x00007ff8d8416000 	C:\Program Files\Eclipse Adoptium\jdk-21.0.12.8-hotspot\bin\nio.dll
0x00007ff8d83e0000 - 0x00007ff8d83f8000 	C:\Program Files\Eclipse Adoptium\jdk-21.0.12.8-hotspot\bin\zip.dll
0x00007ff9041a0000 - 0x00007ff9041aa000 	C:\Program Files\Eclipse Adoptium\jdk-21.0.12.8-hotspot\bin\management.dll
0x00007ff904190000 - 0x00007ff90419c000 	C:\Program Files\Eclipse Adoptium\jdk-21.0.12.8-hotspot\bin\management_ext.dll
0x00007ff919b40000 - 0x00007ff919b48000 	C:\windows\System32\PSAPI.DLL
0x00007ff899f20000 - 0x00007ff899f38000 	C:\windows\system32\napinsp.dll
0x00007ff915fb0000 - 0x00007ff916108000 	C:\windows\SYSTEM32\DNSAPI.dll
0x00007ff9169b0000 - 0x00007ff9169bd000 	C:\windows\SYSTEM32\DSPARSE.dll
0x00007ff915f20000 - 0x00007ff915f53000 	C:\windows\SYSTEM32\IPHLPAPI.DLL
0x00007ff918820000 - 0x00007ff91882a000 	C:\windows\System32\NSI.dll
0x00007ff899f70000 - 0x00007ff899f83000 	C:\windows\System32\winrnr.dll
0x00007ff899f40000 - 0x00007ff899f67000 	C:\windows\system32\nlansp_c.dll
0x00007ff8e5dd0000 - 0x00007ff8e5de6000 	C:\windows\system32\wshbth.dll
0x00007ff90f0b0000 - 0x00007ff90f0bb000 	C:\Windows\System32\rasadhlp.dll
0x00007ff90fc70000 - 0x00007ff90fcf6000 	C:\windows\System32\fwpuclnt.dll
0x00007ff916ec0000 - 0x00007ff916edb000 	C:\windows\SYSTEM32\CRYPTSP.dll
0x00007ff916550000 - 0x00007ff916589000 	C:\windows\system32\rsaenh.dll
0x00007ff916c80000 - 0x00007ff916cb4000 	C:\windows\SYSTEM32\USERENV.dll
0x00007ff917830000 - 0x00007ff91785a000 	C:\windows\SYSTEM32\bcrypt.dll
0x00007ff916ee0000 - 0x00007ff916eec000 	C:\windows\SYSTEM32\CRYPTBASE.dll
0x00007ff904180000 - 0x00007ff904190000 	C:\Program Files\Eclipse Adoptium\jdk-21.0.12.8-hotspot\bin\verify.dll
0x00007ff8d7fe0000 - 0x00007ff8d7ff7000 	C:\hadoop\bin\hadoop.dll
0x00007ff916110000 - 0x00007ff916160000 	C:\windows\SYSTEM32\AUTHZ.dll
0x00007ff90ee00000 - 0x00007ff90ee1a000 	C:\windows\SYSTEM32\NETAPI32.dll
0x00007ff915e90000 - 0x00007ff915eac000 	C:\windows\SYSTEM32\SAMCLI.DLL
0x00007ff915f00000 - 0x00007ff915f0d000 	C:\windows\SYSTEM32\NETUTILS.DLL
0x00007ff904170000 - 0x00007ff904179000 	C:\Program Files\Eclipse Adoptium\jdk-21.0.12.8-hotspot\bin\jaas.dll
0x00007ff8d83d0000 - 0x00007ff8d83d9000 	C:\Program Files\Eclipse Adoptium\jdk-21.0.12.8-hotspot\bin\extnet.dll
0x00007ff8f69d0000 - 0x00007ff8f69de000 	C:\Program Files\Eclipse Adoptium\jdk-21.0.12.8-hotspot\bin\sunmscapi.dll
0x00007ff918210000 - 0x00007ff91838e000 	C:\windows\System32\CRYPT32.dll
0x00007ff917100000 - 0x00007ff917130000 	C:\windows\SYSTEM32\ncrypt.dll
0x00007ff9170b0000 - 0x00007ff9170ef000 	C:\windows\SYSTEM32\NTASN1.dll
0x00007ff8f8590000 - 0x00007ff8f8598000 	C:\windows\system32\wshunix.dll
0x00007ff916740000 - 0x00007ff916776000 	C:\windows\SYSTEM32\ntmarta.dll
0x00007ff8d8140000 - 0x00007ff8d8188000 	C:\Users\VICTUS\AppData\Local\Temp\liblz4-java-5047457134592920981.dll

JVMTI agents: none

dbghelp: loaded successfully - version: 4.0.5 - missing functions: none
symbol engine: initialized successfully - sym options: 0x614 - pdb path: .;C:\Program Files\Eclipse Adoptium\jdk-21.0.12.8-hotspot\bin;C:\windows\SYSTEM32;C:\windows\WinSxS\amd64_microsoft.windows.common-controls_6595b64144ccf1df_6.0.26100.9278_none_3e0d1ba8e3303201;C:\Program Files\Eclipse Adoptium\jdk-21.0.12.8-hotspot\bin\server;C:\hadoop\bin;C:\Users\VICTUS\AppData\Local\Temp

VM Arguments:
jvm_args: -Xmx1g -XX:+IgnoreUnrecognizedVMOptions --add-modules=jdk.incubator.vector --add-opens=java.base/java.lang=ALL-UNNAMED --add-opens=java.base/java.lang.invoke=ALL-UNNAMED --add-opens=java.base/java.lang.reflect=ALL-UNNAMED --add-opens=java.base/java.io=ALL-UNNAMED --add-opens=java.base/java.net=ALL-UNNAMED --add-opens=java.base/java.nio=ALL-UNNAMED --add-opens=java.base/java.util=ALL-UNNAMED --add-opens=java.base/java.util.concurrent=ALL-UNNAMED --add-opens=java.base/java.util.concurrent.atomic=ALL-UNNAMED --add-opens=java.base/jdk.internal.ref=ALL-UNNAMED --add-opens=java.base/sun.nio.ch=ALL-UNNAMED --add-opens=java.base/sun.nio.cs=ALL-UNNAMED --add-opens=java.base/sun.security.action=ALL-UNNAMED --add-opens=java.base/sun.util.calendar=ALL-UNNAMED --add-opens=java.security.jgss/sun.security.krb5=ALL-UNNAMED -Dio.netty.tryReflectionSetAccessible=true -Dio.netty.allocator.type=pooled -Dio.netty.handler.ssl.defaultEndpointVerificationAlgorithm=NONE --sun-misc-unsafe-memory-access=allow --enable-native-access=ALL-UNNAMED -Dderby.connection.requireAuthentication=false 
java_command: org.apache.spark.deploy.SparkSubmit --conf spark.sql.execution.arrow.pyspark.enabled=true --conf spark.master=local[2] --conf spark.jars.ivy=D:\Real-Time-Financial-Fraud-Detection-Pipeline-\.spark-ivy --conf spark.jars.packages=org.apache.spark:spark-sql-kafka-0-10_2.13:4.2.0 --conf spark.app.name=fraud-detection --conf spark.sql.shuffle.partitions=2 pyspark-shell
java_class_path (initial): D:\Real-Time-Financial-Fraud-Detection-Pipeline-\.venv\Lib\site-packages\pyspark\bin\..\conf;D:\Real-Time-Financial-Fraud-Detection-Pipeline-\.venv\Lib\site-packages\pyspark\bin\..\jars\slf4j-api-2.0.17.jar;D:\Real-Time-Financial-Fraud-Detection-Pipeline-\.venv\Lib\site-packages\pyspark\bin\..\jars\aircompressor-2.0.3.jar;D:\Real-Time-Financial-Fraud-Detection-Pipeline-\.venv\Lib\site-packages\pyspark\bin\..\jars\algebra_2.13-2.8.0.jar;D:\Real-Time-Financial-Fraud-Detection-Pipeline-\.venv\Lib\site-packages\pyspark\bin\..\jars\antlr-runtime-3.5.2.jar;D:\Real-Time-Financial-Fraud-Detection-Pipeline-\.venv\Lib\site-packages\pyspark\bin\..\jars\antlr4-runtime-4.13.1.jar;D:\Real-Time-Financial-Fraud-Detection-Pipeline-\.venv\Lib\site-packages\pyspark\bin\..\jars\aopalliance-repackaged-3.0.6.jar;D:\Real-Time-Financial-Fraud-Detection-Pipeline-\.venv\Lib\site-packages\pyspark\bin\..\jars\arpack-3.2.0.jar;D:\Real-Time-Financial-Fraud-Detection-Pipeline-\.venv\Lib\site-packages\pyspark\bin\..\jars\arpack_combined_all-0.1.jar;D:\Real-Time-Financial-Fraud-Detection-Pipeline-\.venv\Lib\site-packages\pyspark\bin\..\jars\arrow-compression-19.0.0.jar;D:\Real-Time-Financial-Fraud-Detection-Pipeline-\.venv\Lib\site-packages\pyspark\bin\..\jars\arrow-format-19.0.0.jar;D:\Real-Time-Financial-Fraud-Detection-Pipeline-\.venv\Lib\site-packages\pyspark\bin\..\jars\arrow-memory-core-19.0.0.jar;D:\Real-Time-Financial-Fraud-Detection-Pipeline-\.venv\Lib\site-packages\pyspark\bin\..\jars\arrow-memory-netty-19.0.0.jar;D:\Real-Time-Financial-Fraud-Detection-Pipeline-\.venv\Lib\site-packages\pyspark\bin\..\jars\arrow-memory-netty-buffer-patch-19.0.0.jar;D:\Real-Time-Financial-Fraud-Detection-Pipeline-\.venv\Lib\site-packages\pyspark\bin\..\jars\arrow-vector-19.0.0.jar;D:\Real-Time-Financial-Fraud-Detection-Pipeline-\.venv\Lib\site-packages\pyspark\bin\..\jars\audience-annotations-0.12.0.jar;D:\Real-Time-Financial-Fraud-Detection-Pipeline-\.venv\Lib\site-packages\pyspark\bin\..\jars\avro-1.12.1.jar;D:\Real-Time-Financial-Fraud-Detection-Pipeline-\.venv\Lib\site-packages\pyspark\bin\..\jars\avro-ipc-1.12.1.jar;D:\Real-Time-Financial-Fraud-Detection-Pipeline-\.venv\Lib\site-packages\pyspark\bin\..\jars\avro-mapred-1.12.1.jar;D:\Real-Time-Financial-Fraud-Detection-Pipeline-\.venv\Lib\site-packages\pyspark\bin\..\jars\blas-3.2.0.jar;D:\Real-Time-Financial-Fraud-Detection-Pipeline-\.venv\Lib\site-packages\pyspark\bin\..\jars\breeze-macros_2.13-2.1.0.jar;D:\Real-Time-Financial-Fraud-Detection-Pipeline-\.venv\Lib\site-packages\pyspark\bin\..\jars\breeze_2.13-2.1.0.jar;D:\Real-Time-Financial-Fraud-Detection-Pipeline-\.venv\Lib\site-packages\pyspark\bin\..\jars\cats-kernel_2.13-2.8.0.jar;D:\Real-Time-Financial-Fraud-Detection-Pipeline-\.venv\Lib\site-packages\pyspark\bin\..\jars\chill-java-0.10.0.jar;D:\Real-Time-Financial-Fraud-Detection-Pipeline-\.venv\Lib\site-packages\pyspark\bin\..\jars\chill_2.13-0.10.0.jar;D:\Real-Time-Financial-Fraud-Detection-Pipeline-\.venv\Lib\site-packages\pyspark\bin\..\jars\commons-cli-1.11.0.jar;D:\Real-Time-Financial-Fraud-Detection-Pipeline-\.venv\Lib\site-packages\pyspark\bin\..\jars\commons-codec-1.22.0.jar;D:\Real-Time-Financial-Fraud-Detection-Pipeline-\.venv\Lib\site-packages\pyspark\bin\..\jars\commons-collections4-4.5.0.jar;D:\Real-Time-Financial-Fraud-Detection-Pipeline-\.venv\Lib\site-packages\pyspark\bin\..\jars\commons-compiler-3.1.9.jar;D:\Real-Time-Financial-Fraud-Detection-Pipeline-\.venv\Lib\site-packages\pyspark\bin\..\jars\commons-compress-1.28.0.jar;D:\Real-Time-Financial-Fraud-Detection-Pipeline-\.venv\Lib\site-packages\pyspark\bin\..\jars\commons-crypto-1.1.0.jar;D:\Real-Time-Financial-Fraud-Detection-Pipeline-\.venv\Lib\site-packages\pyspark\bin\..\jars\commons-dbcp-1.4.jar;D:\Real-Time-Financial-Fraud-Detection-Pipeline-\.venv\Lib\site-packages\pyspark\bin\..\jars\commons-io-2.22.0.jar;D:\Real-Time-Financial-Fraud-Detection-Pipeline-\.venv\Lib\site-packages\pyspark\bin\..\jars\commons-lang-2.6.jar;D:\Real-Time-Financial-Fraud-Detection-Pipeline-\.venv\Lib\site-packages\pyspark\bin\..\jars\commons-lang3-3.20.0.jar;D:\Real-Time-Financial-Fraud-Detection-Pipeline-\.venv\Lib\site-packages\pyspark\bin\..\jars\commons-math3-3.6.1.jar;D:\Real-Time-Financial-Fraud-Detection-Pipeline-\.venv\Lib\site-packages\pyspark\bin\..\jars\commons-pool-1.5.4.jar;D:\Real-Time-Financial-Fraud-Detection-Pipeline-\.venv\Lib\site-packages\pyspark\bin\..\jars\commons-text-1.15.0.jar;D:\Real-Time-Financial-Fraud-Detection-Pipeline-\.venv\Lib\site-packages\pyspark\bin\..\jars\compress-lzf-1.2.0.jar;D:\Real-Time-Financial-Fraud-Detection-Pipeline-\.venv\Lib\site-packages\pyspark\bin\..\jars\curator-client-5.9.0.jar;D:\Real-Time-Financial-Fraud-Detection-Pipeline-\.venv\Lib\site-packages\pyspark\bin\..\jars\curator-framework-5.9.0.jar;D:\Real-Time-Financial-Fraud-Detection-Pipeline-\.venv\Lib\site-packages\pyspark\bin\..\jars\curator-recipes-5.9.0.jar;D:\Real-Time-Financial-Fraud-Detection-Pipeline-\.venv\Lib\site-packages\pyspark\bin\..\jars\datanucleus-api-jdo-4.2.4.jar;D:\Real-Time-Financial-Fraud-Detection-Pipeline-\.venv\Lib\site-packages\pyspark\bin\..\jars\datanucleus-core-4.1.17.jar;D:\Real-Time-Financial-Fraud-Detection-Pipeline-\.venv\Lib\site-packages\pyspark\bin\..\jars\datanucleus-rdbms-4.1.19.jar;D:\Real-Time-Financial-Fraud-Detection-Pipeline-\.venv\Lib\site-packages\pyspark\bin\..\jars\datasketches-java-6.2.0.jar;D:\Real-Time-Financial-Fraud-Detection-Pipeline-\.venv\Lib\site-packages\pyspark\bin\..\jars\datasketches-memory-3.0.2.jar;D:\Real-Time-Financial-Fraud-Detection-Pipeline-\.venv\Lib\site-packages\pyspark\bin\..\jars\derby-10.16.1.1.jar;D:\Real-Time-Financial-Fraud-Detection-Pipeline-\.venv\Lib\site-packages\pyspark\bin\..\jars\derbyshared-10.16.1.1.jar;D:\Real-Time-Financial-Fraud-Detection-Pipeline-\.venv\Lib\site-packages\pyspark\bin\..\jars\derbytools-10.16.1.1.jar;D:\Real-Time-Financial-Fraud-Detection-Pipeline-\.venv\Lib\site-packages\pyspark\bin\..\jars\dropwizard-metrics-hadoop-metrics2-reporter-0.1.2.jar;D:\Real-Time-Financial-Fraud-Detection-Pipeline-\.venv\Lib\site-packages\pyspark\bin\..\jars\failureaccess-1.0.3.jar;D:\Real-Time-Financial-Fraud-Detection-Pipeline-\.venv\Lib\site-packages\pyspark\bin\..\jars\flatbuffers-java-25.2.10.jar;D:\Real-Time-Financial-Fraud-Detection-Pipeline-\.venv\Lib\site-packages\pyspark\bin\..\jars\gson-2.13.2.jar;D:\Real-Time-Financial-Fraud-Detection-Pipeline-\.venv\Lib\site-packages\pyspark\bin\..\jars\guava-33.6.0-jre.jar;D:\Real-Time-Financial-Fraud-Detection-Pipeline-\.venv\Lib\site-packages\pyspark\bin\..\jars\hadoop-client-api-3.5.0.jar;D:\Real-Time-Financial-Fraud-Detection-Pipeline-\.venv\Lib\site-packages\pyspark\bin\..\jars\hadoop-client-runtime-3.5.0.jar;D:\Real-Time-Financial-Fraud-Detection-Pipeline-\.venv\Lib\site-packages\pyspark\bin\..\jars\HikariCP-2.5.1.jar;D:\Real-Time-Financial-Fraud-Detection-Pipeline-\.venv\Lib\site-packages\pyspark\bin\..\jars\hive-beeline-2.3.10.jar;D:\Real-Time-Financial-Fraud-Detection-Pipeline-\.venv\Lib\site-packages\pyspark\bin\..\jars\hive-cli-2.3.10.jar;D:\Real-Time-Financial-Fraud-Detection-Pipeline-\.venv\Lib\site-packages\pyspark\bin\..\jars\hive-common-2.3.10.jar;D:\Real-Time-Financial-Fraud-Detection-Pipeline-\.venv\Lib\site-packages\pyspark\bin\..\jars\hive-exec-2.3.10-core.jar;D:\Real-Time-Financial-Fraud-Detection-Pipeline-\.venv\Lib\site-packages\pyspark\bin\..\jars\hive-jdbc-2.3.10.jar;D:\Real-Time-Financial-Fraud-Detection-Pipeline-\.venv\Lib\site-packages\pyspark\bin\..\jars\hive-metastore-2.3.10.jar;D:\Real-Time-Financial-Fraud-Detection-Pipeline-\.venv\Lib\site-packages\pyspark\bin\..\jars\hive-serde-2.3.10.jar;D:\Real-Time-Financial-Fraud-Detection-Pipeline-\.venv\Lib\site-packages\pyspark\bin\..\jars\hive-service-rpc-4.0.0.jar;D:\Real-Time-Financial-Fraud-Detection-Pipeline-\.venv\Lib\site-packages\pyspark\bin\..\jars\hive-shims-0.23-2.3.10.jar;D:\Real-Time-Financial-Fraud-Detection-Pipeline-\.venv\Lib\site-packages\pyspark\bin\..\jars\hive-shims-2.3.10.jar;D:\Real-Time-Financial-Fraud-Detection-Pipeline-\.venv\Lib\site-packages\pyspark\bin\..\jars\hive-shims-common-2.3.10.jar;D:\Real-Time-Financial-Fraud-Detection-Pipeline-\.venv\Lib\site-packages\pyspark\bin\..\jars\hive-shims-scheduler-2.3.10.jar;D:\Real-Time-Financial-Fraud-Detection-Pipeline-\.venv\Lib\site-packages\pyspark\bin\..\jars\hive-storage-api-2.8.1.jar;D:\Real-Time-Financial-Fraud-Detection-Pipeline-\.venv\Lib\site-packages\pyspark\bin\..\jars\hk2-api-3.0.6.jar;D:\Real-Time-Financial-Fraud-Detection-Pipeline-\.venv\Lib\site-packages\pyspark\bin\..\jars\hk2-locator-3.0.6.jar;D:\Real-Time-Financial-Fraud-Detection-Pipeline-\.venv\Lib\site-packages\pyspark\bin\..\jars\hk2-utils-3.0.6.jar;D:\Real-Time-Financial-Fraud-Detection-Pipeline-\.venv\Lib\site-packages\pyspark\bin\..\jars\httpclient-4.5.14.jar;D:\Real-Time-Financial-Fraud-Detection-Pipeline-\.venv\Lib\site-packages\pyspark\bin\..\jars\httpcore-4.4.16.jar;D:\Real-Time-Financial-Fraud-Detection-Pipeline-\.venv\Lib\site-packages\pyspark\bin\..\jars\icu4j-78.3.jar;D:\Real-Time-Financial-Fraud-Detection-Pipeline-\.venv\Lib\site-packages\pyspark\bin\..\jars\istack-commons-runtime-4.1.2.jar;D:\Real-Time-Financial-Fraud-Detection-Pipeline-\.venv\Lib\site-packages\pyspark\bin\..\jars\ivy-2.5.3.jar;D:\Real-Time-Financial-Fraud-Detection-Pipeline-\.venv\Lib\site-packages\pyspark\bin\..\jars\jackson-annotations-2.21.jar;D:\Real-Time-Financial-Fraud-Detection-Pipeline-\.venv\Lib\site-packages\pyspark\bin\..\jars\jackson-core-2.21.2.jar;D:\Real-Time-Financial-Fraud-Detection-Pipeline-\.venv\Lib\site-packages\pyspark\bin\..\jars\jackson-databind-2.21.2.jar;D:\Real-Time-Financial-Fraud-Detection-Pipeline-\.venv\Lib\site-packages\pyspark\bin\..\jars\jackson-dataformat-yaml-2.21.2.jar;D:\Real-Time-Financial-Fraud-Detection-Pipeline-\.venv\Lib\site-packages\pyspark\bin\..\jars\jackson-datatype-jsr310-2.21.2.jar;D:\Real-Time-Financial-Fraud-Detection-Pipeline-\.venv\Lib\site-packages\pyspark\bin\..\jars\jackson-module-scala_2.13-2.21.2.jar;D:\Real-Time-Financial-Fraud-Detection-Pipeline-\.venv\Lib\site-packages\pyspark\bin\..\jars\jakarta.activation-api-2.1.4.jar;D:\Real-Time-Financial-Fraud-Detection-Pipeline-\.venv\Lib\site-packages\pyspark\bin\..\jars\jakarta.annotation-api-2.1.1.jar;D:\Real-Time-Financial-Fraud-Detection-Pipeline-\.venv\Lib\site-packages\pyspark\bin\..\jars\jakarta.inject-api-2.0.1.jar;D:\Real-Time-Financial-Fraud-Detection-Pipeline-\.venv\Lib\site-packages\pyspark\bin\..\jars\jakarta.servlet-api-6.0.0.jar;D:\Real-Time-Financial-Fraud-Detection-Pipeline-\.venv\Lib\site-packages\pyspark\bin\..\jars\jakarta.validation-api-3.0.2.jar;D:\Real-Time-Financial-Fraud-Detection-Pipeline-\.venv\Lib\site-packages\pyspark\bin\..\jars\jakarta.ws.rs-api-3.1.0.jar;D:\Real-Time-Financial-Fraud-Detection-Pipeline-\.venv\Lib\site-packages\pyspark\bin\..\jars\jakarta.xml.bind-api-4.0.5.jar;D:\Real-Time-Financial-Fraud-Detection-Pipeline-\.venv\Lib\site-packages\pyspark\bin\..\jars\janino-3.1.9.jar;D:\Real-Time-Financial-Fraud-Detection-Pipeline-\.venv\Lib\site-packages\pyspark\bin\..\jars\java-diff-utils-4.16.jar;D:\Real-Time-Financial-Fraud-Detection-Pipeline-\.venv\Lib\site-packages\pyspark\bin\..\jars\javassist-3.30.2-GA.jar;D:\Real-Time-Financial-Fraud-Detection-Pipeline-\.venv\Lib\site-packages\pyspark\bin\..\jars\javax.jdo-3.2.0-m3.jar;D:\Real-Time-Financial-Fraud-Detection-Pipeline-\.venv\Lib\site-packages\pyspark\bin\..\jars\javax.servlet-api-4.0.1.jar;D:\Real-Time-Financial-Fraud-Detection-Pipeline-\.venv\Lib\site-packages\pyspark\bin\..\jars\javolution-5.5.1.jar;D:\Real-Time-Financial-Fraud-Detection-Pipeline-\.venv\Lib\site-packages\pyspark\bin\..\jars\jaxb-core-4.0.6.jar;D:\Real-Time-Financial-Fraud-Detection-Pipeline-\.venv\Lib\site-packages\pyspark\bin\..\jars\jaxb-runtime-4.0.6.jar;D:\Real-Time-Financial-Fraud-Detection-Pipeline-\.venv\Lib\site-packages\pyspark\bin\..\jars\jcl-over-slf4j-2.0.17.jar;D:\Real-Time-Financial-Fraud-Detection-Pipeline-\.venv\Lib\site-packages\pyspark\bin\..\jars\jdo-api-3.0.1.jar;D:\Real-Time-Financial-Fraud-Detection-Pipeline-\.venv\Lib\site-packages\pyspark\bin\..\jars\jersey-client-3.1.11.jar;D:\Real-Time-Financial-Fraud-Detection-Pipeline-\.venv\Lib\site-packages\pyspark\bin\..\jars\jersey-common-3.1.11.jar;D:\Real-Time-Financial-Fraud-Detection-Pipeline-\.venv\Lib\site-packages\pyspark\bin\..\jars\jersey-container-servlet-3.1.11.jar;D:\Real-Time-Financial-Fraud-Detection-Pipeline-\.venv\Lib\site-packages\pyspark\bin\..\jars\jersey-container-servlet-core-3.1.11.jar;D:\Real-Time-Financial-Fraud-Detection-Pipeline-\.venv\Lib\site-packages\pyspark\bin\..\jars\jersey-hk2-3.1.11.jar;D:\Real-Time-Financial-Fraud-Detection-Pipeline-\.venv\Lib\site-packages\pyspark\bin\..\jars\jersey-server-3.1.11.jar;D:\Real-Time-Financial-Fraud-Detection-Pipeline-\.venv\Lib\site-packages\pyspark\bin\..\jars\jjwt-api-0.13.0.jar;D:\Real-Time-Financial-Fraud-Detection-Pipeline-\.venv\Lib\site-packages\pyspark\bin\..\jars\jjwt-impl-0.13.0.jar;D:\Real-Time-Financial-Fraud-Detection-Pipeline-\.venv\Lib\site-packages\pyspark\bin\..\jars\jjwt-jackson-0.13.0.jar;D:\Real-Time-Financial-Fraud-Detection-Pipeline-\.venv\Lib\site-packages\pyspark\bin\..\jars\JLargeArrays-1.5.jar;D:\Real-Time-Financial-Fraud-Detection-Pipeline-\.venv\Lib\site-packages\pyspark\bin\..\jars\jline-2.14.6.jar;D:\Real-Time-Financial-Fraud-Detection-Pipeline-\.venv\Lib\site-packages\pyspark\bin\..\jars\jline-3.29.0-jdk8.jar;D:\Real-Time-Financial-Fraud-Detection-Pipeline-\.venv\Lib\site-packages\pyspark\bin\..\jars\joda-time-2.14.1.jar;D:\Real-Time-Financial-Fraud-Detection-Pipeline-\.venv\Lib\site-packages\pyspark\bin\..\jars\jpam-1.1.jar;D:\Real-Time-Financial-Fraud-Detection-Pipeline-\.venv\Lib\site-packages\pyspark\bin\..\jars\json-1.8.jar;D:\Real-Time-Financial-Fraud-Detection-Pipeline-\.venv\Lib\site-packages\pyspark\bin\..\jars\json4s-ast_2.13-4.0.7.jar;D:\Real-Time-Financial-Fraud-Detection-Pipeline-\.venv\Lib\site-packages\pyspark\bin\..\jars\json4s-core_2.13-4.0.7.jar;D:\Real-Time-Financial-Fraud-Detection-Pipeline-\.venv\Lib\site-packages\pyspark\bin\..\jars\json4s-jackson-core_2.13-4.0.7.jar;D:\Real-Time-Financial-Fraud-Detection-Pipeline-\.venv\Lib\site-packages\pyspark\bin\..\jars\json4s-jackson_2.13-4.0.7.jar;D:\Real-Time-Financial-Fraud-Detection-Pipeline-\.venv\Lib\site-packages\pyspark\bin\..\jars\json4s-scalap_2.13-4.0.7.jar;D:\Real-Time-Financial-Fraud-Detection-Pipeline-\.venv\Lib\site-packages\pyspark\bin\..\jars\jsr305-3.0.0.jar;D:\Real-Time-Financial-Fraud-Detection-Pipeline-\.venv\Lib\site-packages\pyspark\bin\..\jars\jta-1.1.jar;D:\Real-Time-Financial-Fraud-Detection-Pipeline-\.venv\Lib\site-packages\pyspark\bin\..\jars\JTransforms-3.1.jar;D:\Real-Time-Financial-Fraud-Detection-Pipeline-\.venv\Lib\site-packages\pyspark\bin\..\jars\jts-core-1.20.0.jar;D:\Real-Time-Financial-Fraud-Detection-Pipeline-\.venv\Lib\site-packages\pyspark\bin\..\jars\jul-to-slf4j-2.0.17.jar;D:\Real-Time-Financial-Fraud-Detection-Pipeline-\.venv\Lib\site-packages\pyspark\bin\..\jars\kryo-shaded-4.0.3.jar;D:\Real-Time-Financial-Fraud-Detection-Pipeline-\.venv\Lib\site-packages\pyspark\bin\..\jars\kubernetes-client-7.6.1.jar;D:\Real-Time-Financial-Fraud-Detection-Pipeline-\.venv\Lib\site-packages\pyspark\bin\..\jars\kubernetes-client-api-7.6.1.jar;D:\Real-Time-Financial-Fraud-Detection-Pipeline-\.venv\Lib\site-packages\pyspark\bin\..\jars\kubernetes-httpclient-vertx-7.6.1.jar;D:\Real-Time-Financial-Fraud-Detection-Pipeline-\.venv\Lib\site-packages\pyspark\bin\..\jars\kubernetes-model-admissionregistration-7.6.1.jar;D:\Real-Time-Financial-Fraud-Detection-Pipeline-\.venv\Lib\site-packages\pyspark\bin\..\jars\kubernetes-model-apiextensions-7.6.1.jar;D:\Real-Time-Financial-Fraud-Detection-Pipeline-\.venv\Lib\site-packages\pyspark\bin\..\jars\kubernetes-model-apps-7.6.1.jar;D:\Real-Time-Financial-Fraud-Detection-Pipeline-\.venv\Lib\site-packages\pyspark\bin\..\jars\kubernetes-model-autoscaling-7.6.1.jar;D:\Real-Time-Financial-Fraud-Detection-Pipeline-\.venv\Lib\site-packages\pyspark\bin\..\jars\kubernetes-model-batch-7.6.1.jar;D:\Real-Time-Financial-Fraud-Detection-Pipeline-\.venv\Lib\site-packages\pyspark\bin\..\jars\kubernetes-model-certificates-7.6.1.jar;D:\Real-Time-Financial-Fraud-Detection-Pipeline-\.venv\Lib\site-packages\pyspark\bin\..\jars\kubernetes-model-common-7.6.1.jar;D:\Real-Time-Financial-Fraud-Detection-Pipeline-\.venv\Lib\site-packages\pyspark\bin\..\jars\kubernetes-model-coordination-7.6.1.jar;D:\Real-Time-Financial-Fraud-Detection-Pipeline-\.venv\Lib\site-packages\pyspark\bin\..\jars\kubernetes-model-core-7.6.1.jar;D:\Real-Time-Financial-Fraud-Detection-Pipeline-\.venv\Lib\site-packages\pyspark\bin\..\jars\kubernetes-model-discovery-7.6.1.jar;D:\Real-Time-Financial-Fraud-Detection-Pipeline-\.venv\Lib\site-packages\pyspark\bin\..\jars\kubernetes-model-events-7.6.1.jar;D:\Real-Time-Financial-Fraud-Detection-Pipeline-\.venv\Lib\site-packages\pyspark\bin\..\jars\kubernetes-model-extensions-7.6.1.jar;D:\Real-Time-Financial-Fraud-Detection-Pipeline-\.venv\Lib\site-packages\pyspark\bin\..\jars\kubernetes-model-flowcontrol-7.6.1.jar;D:\Real-Time-Financial-Fraud-Detection-Pipeline-\.venv\Lib\site-packages\pyspark\bin\..\jars\kubernetes-model-gatewayapi-7.6.1.jar;D:\Real-Time-Financial-Fraud-Detection-Pipeline-\.venv\Lib\site-packages\pyspark\bin\..\jars\kubernetes-model-metrics-7.6.1.jar;D:\Real-Time-Financial-Fraud-Detection-Pipeline-\.venv\Lib\site-packages\pyspark\bin\..\jars\kubernetes-model-networking-7.6.1.jar;D:\Real-Time-Financial-Fraud-Detection-Pipeline-\.venv\Lib\site-packages\pyspark\bin\..\jars\kubernetes-model-node-7.6.1.jar;D:\Real-Time-Financial-Fraud-Detection-Pipeline-\.venv\Lib\site-packages\pyspark\bin\..\jars\kubernetes-model-policy-7.6.1.jar;D:\Real-Time-Financial-Fraud-Detection-Pipeline-\.venv\Lib\site-packages\pyspark\bin\..\jars\kubernetes-model-rbac-7.6.1.jar;D:\Real-Time-Financial-Fraud-Detection-Pipeline-\.venv\Lib\site-packages\pyspark\bin\..\jars\kubernetes-model-resource-7.6.1.jar;D:\Real-Time-Financial-Fraud-Detection-Pipeline-\.venv\Lib\site-packages\pyspark\bin\..\jars\kubernetes-model-scheduling-7.6.1.jar;D:\Real-Time-Financial-Fraud-Detection-Pipeline-\.venv\Lib\site-packages\pyspark\bin\..\jars\kubernetes-model-storageclass-7.6.1.jar;D:\Real-Time-Financial-Fraud-Detection-Pipeline-\.venv\Lib\site-packages\pyspark\bin\..\jars\lapack-3.2.0.jar;D:\Real-Time-Financial-Fraud-Detection-Pipeline-\.venv\Lib\site-packages\pyspark\bin\..\jars\leveldbjni-all-1.8.jar;D:\Real-Time-Financial-Fraud-Detection-Pipeline-\.venv\Lib\site-packages\pyspark\bin\..\jars\libfb303-0.9.3.jar;D:\Real-Time-Financial-Fraud-Detection-Pipeline-\.venv\Lib\site-packages\pyspark\bin\..\jars\libthrift-0.16.0.jar;D:\Real-Time-Financial-Fraud-Detection-Pipeline-\.venv\Lib\site-packages\pyspark\bin\..\jars\log4j-1.2-api-2.25.4.jar;D:\Real-Time-Financial-Fraud-Detection-Pipeline-\.venv\Lib\site-packages\pyspark\bin\..\jars\log4j-api-2.25.4.jar;D:\Real-Time-Financial-Fraud-Detection-Pipeline-\.venv\Lib\site-packages\pyspark\bin\..\jars\log4j-core-2.25.4.jar;D:\Real-Time-Financial-Fraud-Detection-Pipeline-\.venv\Lib\site-packages\pyspark\bin\..\jars\log4j-layout-template-json-2.25.4.jar;D:\Real-Time-Financial-Fraud-Detection-Pipeline-\.venv\Lib\site-packages\pyspark\bin\..\jars\log4j-slf4j2-impl-2.25.4.jar;D:\Real-Time-Financial-Fraud-Detection-Pipeline-\.venv\Lib\site-packages\pyspark\bin\..\jars\lz4-java-1.11.0.jar;D:\Real-Time-Financial-Fraud-Detection-Pipeline-\.venv\Lib\site-packages\pyspark\bin\..\jars\metrics-core-4.2.37.jar;D:\Real-Time-Financial-Fraud-Detection-Pipeline-\.venv\Lib\site-packages\pyspark\bin\..\jars\metrics-graphite-4.2.37.jar;D:\Real-Time-Financial-Fraud-Detection-Pipeline-\.venv\Lib\site-packages\pyspark\bin\..\jars\metrics-jmx-4.2.37.jar;D:\Real-Time-Financial-Fraud-Detection-Pipeline-\.venv\Lib\site-packages\pyspark\bin\..\jars\metrics-json-4.2.37.jar;D:\Real-Time-Financial-Fraud-Detection-Pipeline-\.venv\Lib\site-packages\pyspark\bin\..\jars\metrics-jvm-4.2.37.jar;D:\Real-Time-Financial-Fraud-Detection-Pipeline-\.venv\Lib\site-packages\pyspark\bin\..\jars\minlog-1.3.0.jar;D:\Real-Time-Financial-Fraud-Detection-Pipeline-\.venv\Lib\site-packages\pyspark\bin\..\jars\netty-all-4.2.13.Final.jar;D:\Real-Time-Financial-Fraud-Detection-Pipeline-\.venv\Lib\site-packages\pyspark\bin\..\jars\netty-buffer-4.2.13.Final.jar;D:\Real-Time-Financial-Fraud-Detection-Pipeline-\.venv\Lib\site-packages\pyspark\bin\..\jars\netty-codec-4.2.13.Final.jar;D:\Real-Time-Financial-Fraud-Detection-Pipeline-\.venv\Lib\site-packages\pyspark\bin\..\jars\netty-codec-base-4.2.13.Final.jar;D:\Real-Time-Financial-Fraud-Detection-Pipeline-\.venv\Lib\site-packages\pyspark\bin\..\jars\netty-codec-compression-4.2.13.Final.jar;D:\Real-Time-Financial-Fraud-Detection-Pipeline-\.venv\Lib\site-packages\pyspark\bin\..\jars\netty-codec-dns-4.2.13.Final.jar;D:\Real-Time-Financial-Fraud-Detection-Pipeline-\.venv\Lib\site-packages\pyspark\bin\..\jars\netty-codec-http-4.2.13.Final.jar;D:\Real-Time-Financial-Fraud-Detection-Pipeline-\.venv\Lib\site-packages\pyspark\bin\..\jars\netty-codec-http2-4.2.13.Final.jar;D:\Real-Time-Financial-Fraud-Detection-Pipeline-\.venv\Lib\site-packages\pyspark\bin\..\jars\netty-codec-socks-4.2.13.Final.jar;D:\Real-Time-Financial-Fraud-Detection-Pipeline-\.venv\Lib\site-packages\pyspark\bin\..\jars\netty-common-4.2.13.Final.jar;D:\Real-Time-Financial-Fraud-Detection-Pipeline-\.venv\Lib\site-packages\pyspark\bin\..\jars\netty-handler-4.2.13.Final.jar;D:\Real-Time-Financial-Fraud-Detection-Pipeline-\.venv\Lib\site-packages\pyspark\bin\..\jars\netty-handler-proxy-4.2.13.Final.jar;D:\Real-Time-Financial-Fraud-Detection-Pipeline-\.venv\Lib\site-packages\pyspark\bin\..\jars\netty-resolver-4.2.13.Final.jar;D:\Real-Time-Financial-Fraud-Detection-Pipeline-\.venv\Lib\site-packages\pyspark\bin\..\jars\netty-resolver-dns-4.2.13.Final.jar;D:\Real-Time-Financial-Fraud-Detection-Pipeline-\.venv\Lib\site-packages\pyspark\bin\..\jars\netty-tcnative-boringssl-static-2.0.76.Final-linux-aarch_64.jar;D:\Real-Time-Financial-Fraud-Detection-Pipeline-\.venv\Lib\site-packages\pyspark\bin\..\jars\netty-tcnative-boringssl-static-2.0.76.Final-linux-x86_64.jar;D:\Real-Time-Financial-Fraud-Detection-Pipeline-\.venv\Lib\site-packages\pyspark\bin\..\jars\netty-tcnative-boringssl-static-2.0.76.Final-osx-aarch_64.jar;D:\Real-Time-Financial-Fraud-Detection-Pipeline-\.venv\Lib\site-packages\pyspark\bin\..\jars\netty-tcnative-boringssl-static-2.0.76.Final-osx-x86_64.jar;D:\Real-Time-Financial-Fraud-Detection-Pipeline-\.venv\Lib\site-packages\pyspark\bin\..\jars\netty-tcnative-boringssl-static-2.0.76.Final-windows-x86_64.jar;D:\Real-Time-Financial-Fraud-Detection-Pipeline-\.venv\Lib\site-packages\pyspark\bin\..\jars\netty-tcnative-classes-2.0.76.Final.jar;D:\Real-Time-Financial-Fraud-Detection-Pipeline-\.venv\Lib\site-packages\pyspark\bin\..\jars\netty-transport-4.2.13.Final.jar;D:\Real-Time-Financial-Fraud-Detection-Pipeline-\.venv\Lib\site-packages\pyspark\bin\..\jars\netty-transport-classes-epoll-4.2.13.Final.jar;D:\Real-Time-Financial-Fraud-Detection-Pipeline-\.venv\Lib\site-packages\pyspark\bin\..\jars\netty-transport-classes-kqueue-4.2.13.Final.jar;D:\Real-Time-Financial-Fraud-Detection-Pipeline-\.venv\Lib\site-packages\pyspark\bin\..\jars\netty-transport-native-epoll-4.2.13.Final-linux-aarch_64.jar;D:\Real-Time-Financial-Fraud-Detection-Pipeline-\.venv\Lib\site-packages\pyspark\bin\..\jars\netty-transport-native-epoll-4.2.13.Final-linux-riscv64.jar;D:\Real-Time-Financial-Fraud-Detection-Pipeline-\.venv\Lib\site-packages\pyspark\bin\..\jars\netty-transport-native-epoll-4.2.13.Final-linux-x86_64.jar;D:\Real-Time-Financial-Fraud-Detection-Pipeline-\.venv\Lib\site-packages\pyspark\bin\..\jars\netty-transport-native-kqueue-4.2.13.Final-osx-aarch_64.jar;D:\Real-Time-Financial-Fraud-Detection-Pipeline-\.venv\Lib\site-packages\pyspark\bin\..\jars\netty-transport-native-kqueue-4.2.13.Final-osx-x86_64.jar;D:\Real-Time-Financial-Fraud-Detection-Pipeline-\.venv\Lib\site-packages\pyspark\bin\..\jars\netty-transport-native-unix-common-4.2.13.Final.jar;D:\Real-Time-Financial-Fraud-Detection-Pipeline-\.venv\Lib\site-packages\pyspark\bin\..\jars\objenesis-3.5.jar;D:\Real-Time-Financial-Fraud-Detection-Pipeline-\.venv\Lib\site-packages\pyspark\bin\..\jars\opencsv-2.3.jar;D:\Real-Time-Financial-Fraud-Detection-Pipeline-\.venv\Lib\site-packages\pyspark\bin\..\jars\orc-core-2.3.0-shaded-protobuf.jar;D:\Real-Time-Financial-Fraud-Detection-Pipeline-\.venv\Lib\site-packages\pyspark\bin\..\jars\orc-format-1.1.1-shaded-protobuf.jar;D:\Real-Time-Financial-Fraud-Detection-Pipeline-\.venv\Lib\site-packages\pyspark\bin\..\jars\orc-mapreduce-2.3.0-shaded-protobuf.jar;D:\Real-Time-Financial-Fraud-Detection-Pipeline-\.venv\Lib\site-packages\pyspark\bin\..\jars\orc-shims-2.3.0.jar;D:\Real-Time-Financial-Fraud-Detection-Pipeline-\.venv\Lib\site-packages\pyspark\bin\..\jars\oro-2.0.8.jar;D:\Real-Time-Financial-Fraud-Detection-Pipeline-\.venv\Lib\site-packages\pyspark\bin\..\jars\osgi-resource-locator-1.0.3.jar;D:\Real-Time-Financial-Fraud-Detection-Pipeline-\.venv\Lib\site-packages\pyspark\bin\..\jars\paranamer-2.8.3.jar;D:\Real-Time-Financial-Fraud-Detection-Pipeline-\.venv\Lib\site-packages\pyspark\bin\..\jars\parquet-column-1.17.0.jar;D:\Real-Time-Financial-Fraud-Detection-Pipeline-\.venv\Lib\site-packages\pyspark\bin\..\jars\parquet-common-1.17.0.jar;D:\Real-Time-Financial-Fraud-Detection-Pipeline-\.venv\Lib\site-packages\pyspark\bin\..\jars\parquet-encoding-1.17.0.jar;D:\Real-Time-Financial-Fraud-Detection-Pipeline-\.venv\Lib\site-packages\pyspark\bin\..\jars\parquet-format-structures-1.17.0.jar;D:\Real-Time-Financial-Fraud-Detection-Pipeline-\.venv\Lib\site-packages\pyspark\bin\..\jars\parquet-hadoop-1.17.0.jar;D:\Real-Time-Financial-Fraud-Detection-Pipeline-\.venv\Lib\site-packages\pyspark\bin\..\jars\parquet-jackson-1.17.0.jar;D:\Real-Time-Financial-Fraud-Detection-Pipeline-\.venv\Lib\site-packages\pyspark\bin\..\jars\pickle-1.5.jar;D:\Real-Time-Financial-Fraud-Detection-Pipeline-\.venv\Lib\site-packages\pyspark\bin\..\jars\py4j-0.10.9.9.jar;D:\Real-Time-Financial-Fraud-Detection-Pipeline-\.venv\Lib\site-packages\pyspark\bin\..\jars\RoaringBitmap-1.6.10.jar;D:\Real-Time-Financial-Fraud-Detection-Pipeline-\.venv\Lib\site-packages\pyspark\bin\..\jars\rocksdbjni-9.8.4.jar;D:\Real-Time-Financial-Fraud-Detection-Pipeline-\.venv\Lib\site-packages\pyspark\bin\..\jars\scala-compiler-2.13.18.jar;D:\Real-Time-Financial-Fraud-Detection-Pipeline-\.venv\Lib\site-packages\pyspark\bin\..\jars\scala-library-2.13.18.jar;D:\Real-Time-Financial-Fraud-Detection-Pipeline-\.venv\Lib\site-packages\pyspark\bin\..\jars\scala-parallel-collections_2.13-1.2.0.jar;D:\Real-Time-Financial-Fraud-Detection-Pipeline-\.venv\Lib\site-packages\pyspark\bin\..\jars\scala-parser-combinators_2.13-2.4.0.jar;D:\Real-Time-Financial-Fraud-Detection-Pipeline-\.venv\Lib\site-packages\pyspark\bin\..\jars\scala-reflect-2.13.18.jar;D:\Real-Time-Financial-Fraud-Detection-Pipeline-\.venv\Lib\site-packages\pyspark\bin\..\jars\scala-xml_2.13-2.4.0.jar;D:\Real-Time-Financial-Fraud-Detection-Pipeline-\.venv\Lib\site-packages\pyspark\bin\..\jars\slf4j-api-2.0.17.jar;D:\Real-Time-Financial-Fraud-Detection-Pipeline-\.venv\Lib\site-packages\pyspark\bin\..\jars\snakeyaml-2.5.jar;D:\Real-Time-Financial-Fraud-Detection-Pipeline-\.venv\Lib\site-packages\pyspark\bin\..\jars\snakeyaml-engine-3.0.1.jar;D:\Real-Time-Financial-Fraud-Detection-Pipeline-\.venv\Lib\site-packages\pyspark\bin\..\jars\snappy-java-1.1.10.8.jar;D:\Real-Time-Financial-Fraud-Detection-Pipeline-\.venv\Lib\site-packages\pyspark\bin\..\jars\spark-catalyst_2.13-4.2.0.jar;D:\Real-Time-Financial-Fraud-Detection-Pipeline-\.venv\Lib\site-packages\pyspark\bin\..\jars\spark-common-utils-java_2.13-4.2.0.jar;D:\Real-Time-Financial-Fraud-Detection-Pipeline-\.venv\Lib\site-packages\pyspark\bin\..\jars\spark-common-utils_2.13-4.2.0.jar;D:\Real-Time-Financial-Fraud-Detection-Pipeline-\.venv\Lib\site-packages\pyspark\bin\..\jars\spark-connect_2.13-4.2.0.jar;D:\Real-Time-Financial-Fraud-Detection-Pipeline-\.venv\Lib\site-packages\pyspark\bin\..\jars\spark-core_2.13-4.2.0.jar;D:\Real-Time-Financial-Fraud-Detection-Pipeline-\.venv\Lib\site-packages\pyspark\bin\..\jars\spark-graphx_2.13-4.2.0.jar;D:\Real-Time-Financial-Fraud-Detection-Pipeline-\.venv\Lib\site-packages\pyspark\bin\..\jars\spark-hive-thriftserver_2.13-4.2.0.jar;D:\Real-Time-Financial-Fraud-Detection-Pipeline-\.venv\Lib\site-packages\pyspark\bin\..\jars\spark-hive_2.13-4.2.0.jar;D:\Real-Time-Financial-Fraud-Detection-Pipeline-\.venv\Lib\site-packages\pyspark\bin\..\jars\spark-kubernetes_2.13-4.2.0.jar;D:\Real-Time-Financial-Fraud-Detection-Pipeline-\.venv\Lib\site-packages\pyspark\bin\..\jars\spark-kvstore_2.13-4.2.0.jar;D:\Real-Time-Financial-Fraud-Detection-Pipeline-\.venv\Lib\site-packages\pyspark\bin\..\jars\spark-launcher_2.13-4.2.0.jar;D:\Real-Time-Financial-Fraud-Detection-Pipeline-\.venv\Lib\site-packages\pyspark\bin\..\jars\spark-mllib-local_2.13-4.2.0.jar;D:\Real-Time-Financial-Fraud-Detection-Pipeline-\.venv\Lib\site-packages\pyspark\bin\..\jars\spark-mllib_2.13-4.2.0.jar;D:\Real-Time-Financial-Fraud-Detection-Pipeline-\.venv\Lib\site-packages\pyspark\bin\..\jars\spark-network-common_2.13-4.2.0.jar;D:\Real-Time-Financial-Fraud-Detection-Pipeline-\.venv\Lib\site-packages\pyspark\bin\..\jars\spark-network-shuffle_2.13-4.2.0.jar;D:\Real-Time-Financial-Fraud-Detection-Pipeline-\.venv\Lib\site-packages\pyspark\bin\..\jars\spark-pipelines_2.13-4.2.0.jar;D:\Real-Time-Financial-Fraud-Detection-Pipeline-\.venv\Lib\site-packages\pyspark\bin\..\jars\spark-repl_2.13-4.2.0.jar;D:\Real-Time-Financial-Fraud-Detection-Pipeline-\.venv\Lib\site-packages\pyspark\bin\..\jars\spark-sketch_2.13-4.2.0.jar;D:\Real-Time-Financial-Fraud-Detection-Pipeline-\.venv\Lib\site-packages\pyspark\bin\..\jars\spark-sql-api_2.13-4.2.0.jar;D:\Real-Time-Financial-Fraud-Detection-Pipeline-\.venv\Lib\site-packages\pyspark\bin\..\jars\spark-sql_2.13-4.2.0.jar;D:\Real-Time-Financial-Fraud-Detection-Pipeline-\.venv\Lib\site-packages\pyspark\bin\..\jars\spark-streaming_2.13-4.2.0.jar;D:\Real-Time-Financial-Fraud-Detection-Pipeline-\.venv\Lib\site-packages\pyspark\bin\..\jars\spark-tags_2.13-4.2.0.jar;D:\Real-Time-Financial-Fraud-Detection-Pipeline-\.venv\Lib\site-packages\pyspark\bin\..\jars\spark-unsafe_2.13-4.2.0.jar;D:\Real-Time-Financial-Fraud-Detection-Pipeline-\.venv\Lib\site-packages\pyspark\bin\..\jars\spark-variant_2.13-4.2.0.jar;D:\Real-Time-Financial-Fraud-Detection-Pipeline-\.venv\Lib\site-packages\pyspark\bin\..\jars\spark-yarn_2.13-4.2.0.jar;D:\Real-Time-Financial-Fraud-Detection-Pipeline-\.venv\Lib\site-packages\pyspark\bin\..\jars\spire-macros_2.13-0.18.0.jar;D:\Real-Time-Financial-Fraud-Detection-Pipeline-\.venv\Lib\site-packages\pyspark\bin\..\jars\spire-platform_2.13-0.18.0.jar;D:\Real-Time-Financial-Fraud-Detection-Pipeline-\.venv\Lib\site-packages\pyspark\bin\..\jars\spire-util_2.13-0.18.0.jar;D:\Real-Time-Financial-Fraud-Detection-Pipeline-\.venv\Lib\site-packages\pyspark\bin\..\jars\spire_2.13-0.18.0.jar;D:\Real-Time-Financial-Fraud-Detection-Pipeline-\.venv\Lib\site-packages\pyspark\bin\..\jars\ST4-4.0.4.jar;D:\Real-Time-Financial-Fraud-Detection-Pipeline-\.venv\Lib\site-packages\pyspark\bin\..\jars\stax-api-1.0.1.jar;D:\Real-Time-Financial-Fraud-Detection-Pipeline-\.venv\Lib\site-packages\pyspark\bin\..\jars\stream-2.9.8.jar;D:\Real-Time-Financial-Fraud-Detection-Pipeline-\.venv\Lib\site-packages\pyspark\bin\..\jars\super-csv-2.2.0.jar;D:\Real-Time-Financial-Fraud-Detection-Pipeline-\.venv\Lib\site-packages\pyspark\bin\..\jars\threeten-extra-1.8.0.jar;D:\Real-Time-Financial-Fraud-Detection-Pipeline-\.venv\Lib\site-packages\pyspark\bin\..\jars\tink-1.20.0.jar;D:\Real-Time-Financial-Fraud-Detection-Pipeline-\.venv\Lib\site-packages\pyspark\bin\..\jars\transaction-api-1.1.jar;D:\Real-Time-Financial-Fraud-Detection-Pipeline-\.venv\Lib\site-packages\pyspark\bin\..\jars\univocity-parsers-2.9.1.jar;D:\Real-Time-Financial-Fraud-Detection-Pipeline-\.venv\Lib\site-packages\pyspark\bin\..\jars\vertx-auth-common-4.5.26.jar;D:\Real-Time-Financial-Fraud-Detection-Pipeline-\.venv\Lib\site-packages\pyspark\bin\..\jars\vertx-core-4.5.26.jar;D:\Real-Time-Financial-Fraud-Detection-Pipeline-\.venv\Lib\site-packages\pyspark\bin\..\jars\vertx-uri-template-4.5.26.jar;D:\Real-Time-Financial-Fraud-Detection-Pipeline-\.venv\Lib\site-packages\pyspark\bin\..\jars\vertx-web-client-4.5.26.jar;D:\Real-Time-Financial-Fraud-Detection-Pipeline-\.venv\Lib\site-packages\pyspark\bin\..\jars\vertx-web-common-4.5.26.jar;D:\Real-Time-Financial-Fraud-Detection-Pipeline-\.venv\Lib\site-packages\pyspark\bin\..\jars\volcano-client-7.6.1.jar;D:\Real-Time-Financial-Fraud-Detection-Pipeline-\.venv\Lib\site-packages\pyspark\bin\..\jars\volcano-model-7.6.1.jar;D:\Real-Time-Financial-Fraud-Detection-Pipeline-\.venv\Lib\site-packages\pyspark\bin\..\jars\xbean-asm9-shaded-4.30.jar;D:\Real-Time-Financial-Fraud-Detection-Pipeline-\.venv\Lib\site-packages\pyspark\bin\..\jars\xmlschema-core-2.3.1.jar;D:\Real-Time-Financial-Fraud-Detection-Pipeline-\.venv\Lib\site-packages\pyspark\bin\..\jars\xz-1.12.jar;D:\Real-Time-Financial-Fraud-Detection-Pipeline-\.venv\Lib\site-packages\pyspark\bin\..\jars\zjsonpatch-7.6.1.jar;D:\Real-Time-Financial-Fraud-Detection-Pipeline-\.venv\Lib\site-packages\pyspark\bin\..\jars\zookeeper-3.9.5.jar;D:\Real-Time-Financial-Fraud-Detection-Pipeline-\.venv\Lib\site-packages\pyspark\bin\..\jars\zookeeper-jute-3.9.5.jar;D:\Real-Time-Financial-Fraud-Detection-Pipeline-\.venv\Lib\site-packages\pyspark\bin\..\jars\zstd-jni-1.5.7-7.jar
Launcher Type: SUN_STANDARD

[Global flags]
     intx CICompilerCount                          = 4                                         {product} {ergonomic}
     uint ConcGCThreads                            = 3                                         {product} {ergonomic}
     uint G1ConcRefinementThreads                  = 10                                        {product} {ergonomic}
   size_t G1HeapRegionSize                         = 1048576                                   {product} {ergonomic}
    uintx GCDrainStackTargetSize                   = 64                                        {product} {ergonomic}
     bool IgnoreUnrecognizedVMOptions              = true                                      {product} {command line}
   size_t InitialHeapSize                          = 255852544                                 {product} {ergonomic}
   size_t MarkStackSize                            = 4194304                                   {product} {ergonomic}
   size_t MaxHeapSize                              = 1073741824                                {product} {command line}
   size_t MaxNewSize                               = 643825664                                 {product} {ergonomic}
   size_t MinHeapDeltaBytes                        = 1048576                                   {product} {ergonomic}
   size_t MinHeapSize                              = 8388608                                   {product} {ergonomic}
    uintx NonNMethodCodeHeapSize                   = 5839372                                {pd product} {ergonomic}
    uintx NonProfiledCodeHeapSize                  = 122909434                              {pd product} {ergonomic}
    uintx ProfiledCodeHeapSize                     = 122909434                              {pd product} {ergonomic}
    uintx ReservedCodeCacheSize                    = 251658240                              {pd product} {ergonomic}
     bool SegmentedCodeCache                       = true                                      {product} {ergonomic}
   size_t SoftMaxHeapSize                          = 1073741824                             {manageable} {ergonomic}
     bool UseCompressedOops                        = true                           {product lp64_product} {ergonomic}
     bool UseG1GC                                  = true                                      {product} {ergonomic}
     bool UseLargePagesIndividualAllocation        = false                                  {pd product} {ergonomic}

Logging:
Log output configuration:
 #0: stdout all=warning uptime,level,tags foldmultilines=false
 #1: stderr all=off uptime,level,tags foldmultilines=false

Release file:
IMPLEMENTOR="Eclipse Adoptium" 
IMPLEMENTOR_VERSION="Temurin-21.0.12+8" 
JAVA_RUNTIME_VERSION="21.0.12+8-LTS" 
JAVA_VERSION="21.0.12" 
JAVA_VERSION_DATE="2026-07-21" 
LIBC="default" 
MODULES="java.base java.compiler java.datatransfer java.xml java.prefs java.desktop java.instrument java.logging java.management java.security.sasl java.naming java.rmi java.management.rmi java.net.http java.scripting java.security.jgss java.transaction.xa java.sql java.sql.rowset java.xml.crypto java.se java.smartcardio jdk.accessibility jdk.internal.jvmstat jdk.attach jdk.charsets jdk.internal.opt jdk.zipfs jdk.compiler jdk.crypto.ec jdk.crypto.cryptoki jdk.crypto.mscapi jdk.dynalink jdk.internal.ed jdk.editpad jdk.hotspot.agent jdk.httpserver jdk.incubator.vector jdk.internal.le jdk.internal.vm.ci jdk.internal.vm.compiler jdk.internal.vm.compiler.management jdk.jartool jdk.javadoc jdk.jcmd jdk.management jdk.management.agent jdk.jconsole jdk.jdeps jdk.jdwp.agent jdk.jdi jdk.jfr jdk.jlink jdk.jpackage jdk.jshell jdk.jsobject jdk.jstatd jdk.localedata jdk.management.jfr jdk.naming.dns jdk.naming.rmi jdk.net jdk.nio.mapmode jdk.random jdk.sctp jdk.security.auth jdk.security.jgss jdk.unsupported jdk.unsupported.desktop jdk.xml.dom" 
OS_ARCH="x86_64" 
OS_NAME="Windows" 
SOURCE=".:git:04806bcb1d50" 
BUILD_SOURCE="git:e6ba7dec3d07654074559310376a3ae89da5f4ac"
BUILD_SOURCE_REPO="https://github.com/adoptium/temurin-build.git"
SOURCE_REPO="https://github.com/adoptium/jdk21u.git"
FULL_VERSION="21.0.12+8-LTS"
SEMANTIC_VERSION="21.0.12+8"
BUILD_INFO="OS: Windows Server 2022 Version: 10.0"
JVM_VARIANT="Hotspot"
JVM_VERSION="21.0.12+8-LTS"
IMAGE_TYPE="JDK"

Environment Variables:
JAVA_HOME=C:\Program Files\Eclipse Adoptium\jdk-21.0.12.8-hotspot\
PATH=C:\hadoop\bin;C:\Program Files\Eclipse Adoptium\jdk-21.0.12.8-hotspot\bin;C:\windows\system32;C:\windows;C:\windows\System32\Wbem;C:\windows\System32\WindowsPowerShell\v1.0\;C:\windows\System32\OpenSSH\;C:\Program Files (x86)\NVIDIA Corporation\PhysX\Common;C:\Program Files\NVIDIA Corporation\NVIDIA NvDLISR;C:\Users\Administrator\AppData\Local\Microsoft\WindowsApps;C:\Program Files\HP\OMEN-Broadcast\Common;C:\Program Files\PuTTY\;C:\Program Files\Amazon\AWSCLIV2\;C:\Program Files\Git\cmd;C:\Program Files\nodejs\;C:\Users\VICTUS\.local\bin;C:\Users\VICTUS\AppData\Local\Programs\Python\Python310\Scripts\;C:\Users\VICTUS\AppData\Local\Programs\Python\Python310\;C:\Users\VICTUS\AppData\Local\Microsoft\WindowsApps;C:\Program Files\JetBrains\PyCharm 2025.3.1\bin;C:\Users\VICTUS\AppData\Local\Programs\Microsoft VS Code\bin;C:\Users\VICTUS\AppData\Roaming\npm;C:\Users\VICTUS\AppData\Local\Programs\DockerDesktop\resources\bin;C:\Users\VICTUS\AppData\Local\Programs\Ollama;c:\Users\VICTUS\AppData\Local\Programs\Microsoft VS Code\07f806f999\resources\app\node_modules.asar.unpacked\@vscode\ripgrep-universal\bin\win32-x64
USERNAME=VICTUS
OS=Windows_NT
PROCESSOR_IDENTIFIER=AMD64 Family 25 Model 117 Stepping 2, AuthenticAMD
TMP=C:\Users\VICTUS\AppData\Local\Temp
TEMP=C:\Users\VICTUS\AppData\Local\Temp




Periodic native trim disabled

---------------  S Y S T E M  ---------------

OS:
 Windows 11 , 64 bit Build 26100 (10.0.26100.9444)
OS uptime: 0 days 20:23 hours
Hyper-V role detected

CPU: total 12 (initial active 12) (12 cores per cpu, 2 threads per core) family 25 model 117 stepping 2 microcode 0xa70520a, cx8, cmov, fxsr, ht, mmx, 3dnowpref, sse, sse2, sse3, ssse3, sse4a, sse4.1, sse4.2, popcnt, lzcnt, tsc, tscinvbit, avx, avx2, aes, erms, clmul, bmi1, bmi2, adx, avx512f, avx512dq, avx512cd, avx512bw, avx512vl, sha, fma, vzeroupper, avx512_vpopcntdq, avx512_vpclmulqdq, avx512_vaes, avx512_vnni, clflush, clflushopt, avx512_vbmi2, avx512_vbmi, hv, rdtscp, rdpid, fsrm, gfni, avx512_bitalg, f16c, cet_ss, avx512_ifma
Processor Information for processor 0
  Max Mhz: 4301, Current Mhz: 4301, Mhz Limit: 4301
Processor Information for processor 1
  Max Mhz: 4301, Current Mhz: 4301, Mhz Limit: 4301
Processor Information for processor 2
  Max Mhz: 4301, Current Mhz: 4301, Mhz Limit: 4301
Processor Information for processor 3
  Max Mhz: 4301, Current Mhz: 4301, Mhz Limit: 4301
Processor Information for processor 4
  Max Mhz: 4301, Current Mhz: 2483, Mhz Limit: 4301
Processor Information for processor 5
  Max Mhz: 4301, Current Mhz: 4301, Mhz Limit: 4301
Processor Information for processor 6
  Max Mhz: 4301, Current Mhz: 4301, Mhz Limit: 4301
Processor Information for processor 7
  Max Mhz: 4301, Current Mhz: 4301, Mhz Limit: 4301
Processor Information for processor 8
  Max Mhz: 4301, Current Mhz: 4301, Mhz Limit: 4301
Processor Information for processor 9
  Max Mhz: 4301, Current Mhz: 4301, Mhz Limit: 4301
Processor Information for processor 10
  Max Mhz: 4301, Current Mhz: 2483, Mhz Limit: 4301
Processor Information for processor 11
  Max Mhz: 4301, Current Mhz: 4301, Mhz Limit: 4301

Memory: 4k page, system-wide physical 15599M (215M free)
TotalPageFile size 46381M (AvailPageFile size 309M)
current process WorkingSet (physical memory assigned to process): 353M, peak: 353M
current process commit charge ("private bytes"): 486M, peak: 487M

vm_info: OpenJDK 64-Bit Server VM (21.0.12+8-LTS) for windows-amd64 JRE (21.0.12+8-LTS), built on 2026-07-21T00:00:00Z by "admin" with MS VC++ 17.12 (VS2022)

END.
